騎手,date,race_id,レース名,格,馬名,払戻
松山弘平,2014-01-11,201408010301,3歳未勝利,,コーリンベリー,14020
藤田伸二,2014-02-15,201408020503,3歳未勝利,,サンライズアルプス,14300
田辺裕信,2014-02-23,201405010811,フェブラリーS,G1,コパノリッキー,27210
勝浦正樹,2014-03-09,201406020410,上総ステークス,,ビンテージチャート,10620
川島信二,2014-04-05,201409020305,3歳500万下,,フジインザスカイ,10990
小牧太,2014-04-13,201409020602,3歳未勝利,,アドマイヤカロ,13510
川田将雅,2014-04-13,201409020611,桜花賞,G1,ハープスター,120
蛯名正義,2014-04-20,201406030811,皐月賞,G1,イスラボニータ,510
西田雄一郎,2014-04-26,201403010508,4歳以上500万下,,リバティーホール,56940
柴田大知,2014-04-27,201405020204,3歳未勝利,,グラスワイルド,11580
蛯名正義,2014-05-04,201408030411,天皇賞(春),G1,フェノーメノ,1150
太宰啓介,2014-05-04,201408030412,高瀬川ステークス,,エンジョイタイム,15040
浜中俊,2014-05-11,201405020611,NHKマイルカップ,G1,ミッキーアイル,190
内田博幸,2014-05-18,201405020811,ヴィクトリアマイル,G1,ヴィルシーナ,2830
岩田康誠,2014-05-25,201405021011,オークス,G1,ヌーヴォレコルト,980
国分優作,2014-05-25,201408031006,3歳500万下,,カシノタロン,27000
横山典弘,2014-06-01,201405021210,日本ダービー,G1,ワンアンドオンリー,560
藤田伸二,2014-06-01,201408031209,東大路ステークス,,ジョウノボヘミアン,11580
柴田善臣,2014-06-08,201405030211,安田記念,G1,ジャスタウェイ,170
藤岡康太,2014-06-15,201409030406,3歳未勝利,,ピースメーカー,24690
丹内祐次,2014-06-28,201402010506,3歳未勝利,,マイネルピクトル,10980
横山典弘,2014-06-29,201409030811,宝塚記念,G1,ゴールドシップ,270
大野拓弥,2014-07-13,201403020401,2歳未勝利,,ウインバローラス,10490
井上敏樹,2014-08-17,201401010804,3歳未勝利,,クリアーパッション,12650
武士沢友治,2014-08-24,201404020803,3歳未勝利,,ラフィンテール,11460
国分優作,2014-09-07,201410021211,小倉2歳ステークス,重賞,オーミアリス,12020
横山典弘,2014-09-21,201404030410,レインボーステークス,,ネオブラックダイヤ,13800
古川吉洋,2014-09-28,201404030610,寺泊特別,,メイショウヒデタダ,29430
大野拓弥,2014-10-05,201404030811,スプリンターズS,G1,スノードラゴン,4650
松田大作,2014-10-11,201408040108,3歳以上500万下,,マヤノラムダ,11540
浜中俊,2014-10-19,201408040511,秋華賞,G1,ショウナンパンドラ,1010
酒井学,2014-10-26,201408040711,菊花賞,G1,トーホウジャッカル,690
松山弘平,2014-11-01,201408040805,2歳新馬,,ベルウッドクラルテ,14420
北村宏司,2014-11-02,201405040911,天皇賞(秋),G1,スピルバーグ,1100
松田大作,2014-11-15,201405050304,2歳未勝利,,パオロッサ,17170
川田将雅,2014-11-16,201408050411,エリザベス女王杯,G1,ラキシス,680
岩田康誠,2014-11-23,201408050611,マイルCS,G1,ダノンシャーク,1810
幸英明,2014-12-07,201407040211,チャンピオンズC,G1,ホッコータルマエ,590
蛯名正義,2014-12-14,201409050411,阪神JF,G1,ショウナンアデラ,980
蛯名正義,2014-12-21,201409050611,朝日杯FS,G1,ダノンプラチナ,460
藤岡佑介,2014-12-27,201409050706,2歳新馬,,スマイルフォース,14250
戸崎圭太,2014-12-28,201406040810,有馬記念,G1,ジェンティルドンナ,870
