date,M.デムーロ,ルメール,三浦皇成,丸山元気,丸田恭介,丹内祐次,今村聖奈,佐々木大輔,内田博幸,北村友一,北村宏司,原優介,古川吉洋,古川奈穂,吉田豊,吉田隼人,和田竜二,団野大成,国分恭介,坂井瑠星,大野拓弥,富田暁,小林勝太,小沢大仁,岩田康誠,岩田望来,川田将雅,幸英明,戸崎圭太,斎藤新,木幡巧也,杉原誠人,松山弘平,松岡正海,松若風馬,柴田大知,横山典弘,横山和生,横山武史,横山琉人,武藤雅,武豊,永島まな,永野猛蔵,池添謙一,河原田菜々,津村明秀,浜中俊,田口貫太,田辺裕信,石川裕紀人,石橋脩,秋山稔樹,荻野極,菅原明良,菊沢一樹,菱田裕二,藤岡佑介,藤岡康太,藤田菜七子,西塚洸二,西村淳也,角田大和,角田大河,酒井学,鮫島克駿,黛弘人
2023-01-05,1450,0,-600,-300,-300,-800,-300,-100,-500,-400,-300,-400,-100,8890,-600,-500,-700,-400,-100,-490,-700,-500,0,-300,-400,1650,-50,-700,530,-300,1190,-200,-710,-500,-100,-200,2800,-500,-800,-100,-300,-420,-300,-600,0,0,-500,-300,0,-600,-200,-600,-100,-100,-100,1090,-100,-200,-500,-100,-200,-200,900,-700,-100,-500,-200
2023-01-07,1050,0,-1200,-700,-400,-1400,3300,-400,-820,-600,-600,3800,-500,8790,-600,-800,-1600,-900,-200,-470,-440,-900,0,-400,720,950,-270,-1200,330,-400,750,210,160,-530,-400,-700,2500,-800,-1050,-600,-700,-620,-600,-1000,0,0,710,-260,0,-540,-900,-1100,-300,-200,-400,590,4150,-600,-1000,-300,-200,-400,800,-1000,-400,-1200,-300
2023-01-08,450,0,-470,-1100,-400,-2300,3100,-700,-1220,-800,-1000,3100,-700,8590,-1000,-1100,-2500,-1200,-500,-870,-510,-1100,0,-500,420,450,-770,-1600,-170,-700,50,-190,4760,-930,-220,-1000,2300,-1300,-20,-1000,-800,-370,-1000,-1600,0,0,8300,-460,0,2840,-1100,-1300,-400,-300,-560,190,3650,-900,-1200,-600,-300,-120,400,-1700,-500,410,-600
2023-01-09,50,-400,-870,-1300,-500,-3000,2800,-900,-1520,-1200,990,3190,-1300,8390,-1300,-1020,-3000,-1600,-600,-1670,310,-1300,0,-800,-180,-50,630,1000,590,-1100,-550,4020,4160,-1530,-720,-1400,2000,16930,70,-1500,-1100,-980,-1600,-2200,0,0,8000,-860,0,3150,-1600,-1300,-800,-500,-670,-210,3350,-1000,-2000,-800,-500,-620,970,-870,-800,110,-700
2023-01-14,-420,-800,-1470,1930,-1100,-3600,2200,-940,-1920,-1700,1650,2990,-1700,8290,-1900,-1670,-4000,-2100,-1000,-2570,-390,-1410,0,-1300,-480,-350,740,1640,220,-1100,-1250,3620,3520,-1050,-510,-2000,1800,17000,-830,-1440,-1500,0,-2100,-2760,0,0,7920,-1160,0,2910,-120,-1600,-1000,-1000,-1470,-510,2550,-1300,-2500,-1000,-1000,-180,270,-50,-1600,-990,-1100
2023-01-15,-1220,-510,-2020,1730,-550,-4600,2550,-1240,-2620,-2200,2170,2590,5410,8190,-2300,-550,-4800,-2600,-1600,-2930,-1090,-2110,0,-2100,-1380,-1090,580,740,-160,-1100,-2050,3020,2420,-1450,-1110,-2400,2120,16500,-860,-2040,-2000,-800,-2390,-3660,0,0,7740,290,0,2590,-1020,-2000,-1200,-1500,-2070,-390,2050,60,-1960,-590,-1300,-730,-130,-950,-2100,-1890,-1500
2023-01-21,-1620,-1140,-2520,1330,-1050,-5400,1950,4080,-3320,-2600,1870,2190,4910,13220,-2240,-1050,-5600,-2950,-1700,-2840,950,-2810,0,-2500,-1880,-1660,630,60,-630,-1100,-2350,2520,1730,-560,110,-2800,2080,16000,-830,-2840,-2100,-440,-3190,-4360,0,0,7340,90,0,5670,-1520,-2200,-1500,-1800,-2970,-690,2710,-140,-1710,-890,-1700,-1230,-830,-1550,-2300,-900,-1500
2023-01-22,-2120,-1840,-2810,1030,-1450,-6070,1900,3780,-3820,-3200,1470,1790,4610,13120,-2540,-1550,-6600,-3650,-2000,-3200,450,-3410,0,-3200,-1420,-390,620,-740,-320,-1100,-3050,1920,730,-1060,1850,2030,1980,17370,340,-3240,-2600,-1140,-3260,-4800,0,0,6640,-710,0,5170,-1770,-2600,-1800,-2000,-3670,-1090,1810,-740,-2290,-1190,-1900,-1260,-1530,-200,-1740,-830,-1500
2023-01-28,-2620,-950,-3410,430,-1950,-6370,1570,3480,-4420,-3700,1270,1290,4010,13840,-2740,-2450,-7700,-3240,6030,-2730,-250,-2240,0,-3800,-1920,-1390,20,-1040,-860,-1250,-3550,1620,170,-1460,1350,2740,1680,16970,-400,-3740,-3000,-1740,-4060,-5600,0,0,6040,270,0,4810,-2070,-2900,-2200,-2500,-4570,-1430,1210,-1040,-2990,-1490,-2400,210,-1730,-600,-1810,-220,-1500
2023-01-29,-3420,-1450,-3910,230,-2150,-7370,2250,2780,-4550,-4300,670,790,3410,13440,-3240,-3150,-8800,-3840,5430,-3400,-550,-2560,0,-4700,-2520,-1500,-380,-1150,-500,-880,-4050,1420,-570,-1760,850,2340,1820,16270,-910,-4140,-3200,-2040,-4860,-6000,0,0,5840,250,0,4510,-2570,-3200,-2600,-2900,-3920,-1630,610,-1450,-3490,-1890,-2800,1640,-630,-1600,-1910,-390,-1500
2023-02-04,-4320,-910,-5010,-170,-2750,-8270,1450,2280,-5250,-4400,270,490,2810,13140,-3440,-3500,-8970,-4300,5230,-4500,-1250,-3060,0,-3470,-3120,-2500,-410,-1950,2520,-1080,-4650,620,-450,-2260,1120,1940,1220,16140,-1480,-4840,-3500,-1910,-5560,-6000,0,0,5340,150,0,4840,-3270,-2140,-2800,-700,-3800,-1430,210,-1010,-3490,-2190,-3200,1340,-1130,-2500,-1870,-800,-1900
2023-02-05,-4820,-1210,-4260,-770,-3150,-8830,750,1880,-5510,-4850,-130,-10,2210,12740,-3540,-3700,-9490,-810,4530,-4730,-2150,-130,0,-3870,-2820,-2840,-360,-2270,2150,-1880,-4060,320,-1250,-2660,620,1640,920,15640,-2380,-5540,-3230,-2510,-6160,-6000,0,0,4940,30,0,4240,-3570,-2540,-3000,-1300,-4600,-1530,210,-1640,-3890,-2590,-3500,340,-1830,-3300,-2470,890,-2300
2023-02-11,-5220,-1470,-4370,-1170,-3450,-8980,150,1280,-6110,-4600,-330,-710,1610,12440,-2020,-4200,-10150,-1910,10350,-5490,-2750,-630,0,-2130,-3030,-630,600,-2970,1930,-2480,-4660,-180,-1950,-3260,420,1440,720,16670,-2660,-6140,-3530,-2570,-6760,-6750,-300,0,4440,-90,0,3540,-3970,-3040,-3300,-1700,-5400,-2030,-290,-1760,-4190,-2890,-3800,-60,-1800,-3870,-2670,-210,-2700
2023-02-12,-5060,-1580,-4970,-1670,-3950,-9780,-450,780,-6510,-5000,-1030,-1010,910,12320,-2620,-4700,-10720,-2410,10050,-5950,-3350,-930,0,-2930,-2860,-440,530,-2060,1130,-3180,-5160,-380,330,-3560,2880,740,120,16710,-3460,-4690,8680,-2880,-5920,-7550,-800,0,3740,-430,0,2840,-4370,-3740,-3700,-2000,-5410,-2430,-220,-2260,-4990,-3490,-3800,-860,-2300,-4870,-2970,-1110,-3000
2023-02-18,-5760,-1570,-5770,-2170,-4250,-10780,-80,410,-7210,-5500,-1730,-1410,610,12020,-2530,-4520,-11620,-2280,9750,-6600,240,-1730,0,-3530,-3760,-1440,280,-2860,590,-3580,-6160,-580,-180,-3960,2380,440,-180,21220,-4290,-5290,8180,-3680,-6520,-8150,-1100,0,3340,-60,0,2140,-4670,-4240,-4100,-2000,-5500,-2830,-820,-2760,-3110,-3790,-4000,-1290,-3100,-5470,7550,-140,-3500
2023-02-19,-6460,-1880,-6070,-2570,-4650,-10170,-780,1020,-7410,-6000,-2030,-1910,-90,11620,4990,-5220,-12620,-2500,9470,-7280,-560,-1810,0,-3830,-3990,-1470,-420,-3410,-310,-3500,-6660,-1080,-410,-4060,1880,140,-350,21020,-5190,-5590,21590,-3570,-7030,-8750,-1600,0,3040,-660,0,1440,-5270,-4440,-4300,-2500,-6000,-3030,-1320,-3260,-3480,-4090,-4100,-910,-3500,-6570,6550,-850,-4300
2023-02-25,-6860,-1880,-6870,-2600,-4850,-10870,-1480,520,-8110,-6300,-2630,-2710,-290,11120,4990,-5920,-13190,-3200,8970,-7280,1730,-2410,0,-4330,-4690,-1580,-420,-3190,-150,-4000,-7560,-1380,-760,-4360,1880,-360,-650,22080,-5040,-6090,20990,-4000,-3240,-9220,-2500,0,2440,-1260,0,940,-5770,-4740,-4800,-3000,-6800,-2180,-2120,-3360,-4080,-4490,-4300,890,-4000,-7230,6270,-990,-4800
2023-02-26,-6580,-1880,-7470,-2750,-5350,-10380,-1980,-180,-8410,-6700,-3330,-3010,-790,10620,4990,-6620,-14190,-4000,8570,-7280,1030,-3110,0,-3680,-5690,-2030,-420,-4160,-1050,-4700,-8160,-2080,-540,-4860,1880,-860,370,24210,-5280,-6490,20690,-4500,-3940,-9920,-1970,0,2580,-1960,0,2010,-6270,-5040,-5300,-3500,-6530,-2780,-2450,-2040,-4750,-4990,-4700,1500,-4800,-8430,5570,4490,-5100
2023-03-04,-6880,-2080,-8070,-2370,-5650,-10600,-2370,-380,-8540,-7000,-4030,-1510,-990,10420,5120,-7320,-14690,-4200,8370,-7720,730,-3510,-300,-3880,-6090,-2830,320,-4960,-1140,-4900,-8660,-2280,-1340,-5360,1380,-960,470,23870,-5480,-6990,20190,-3380,-4240,-10620,-2070,-300,2350,-2160,-600,1710,-6770,-5240,-5400,-3700,-6860,-3180,-2650,-2240,-5250,-4990,-4900,900,-4800,-8530,7400,4150,-5300
2023-03-05,-7180,-2680,-8670,-2870,-3240,-11100,-2770,-880,-8740,-7300,-3640,-1110,-1090,10320,4520,-7330,-15290,-4700,8330,-8470,30,-3610,-500,-4180,-6290,-1890,1010,790,-1810,-5200,-9360,-2580,-1620,-5560,980,-1360,370,23170,-6080,-4680,19790,-3680,-4840,-10920,-2270,-700,1950,-2180,-900,1210,-7170,-5340,-5500,-3700,-6960,-3380,-3150,-2340,-4550,-5090,-5000,2040,-4900,-9030,7000,3250,-5300
2023-03-11,-7480,-2820,-9370,-3470,-3540,-11490,-2640,-660,-9240,-7800,-2710,-1420,-1690,10020,8380,-7460,-15660,-5500,8030,-9110,-270,-4510,-700,-4780,-6540,-1610,690,520,-2170,-6100,-10360,-840,-1960,-6060,580,-1660,660,23580,-6330,-5280,19290,-4380,-5640,-11620,-2670,-1100,1450,-2480,-1500,810,-7670,-5390,-6000,-3800,-7960,-3580,-3530,-2540,-5050,-5490,-5100,1440,-5270,-9270,6400,4270,-5600
2023-03-12,-7780,-2830,-10070,-3970,-3840,-12190,-3370,1960,-9640,-8400,-1450,-1720,-2090,9720,7780,-7320,-16660,-5800,7830,-9860,20,-5010,2180,-5480,-6880,-2610,1010,-280,-2750,-6900,-10960,-1240,-2500,-6360,-120,-2160,2680,23430,-6930,-5880,19090,-4880,-6240,-12520,-3170,-1700,2690,-2400,-2000,110,-7970,-5990,-6300,-4000,-8620,-4180,-4230,-2840,-4020,-5690,-5100,740,-5770,-9400,6200,3920,-4190
2023-03-18,-6740,-3730,-10500,-4370,-4340,-12410,-4370,1460,-10440,-9000,-1850,-2120,-2290,9420,7380,-8220,-16450,-6050,7830,-10480,-580,-5410,1980,-6080,-7580,-3260,1060,1640,-3010,-7200,-11460,-1440,-2810,-6760,-720,-2260,2580,22830,-7590,-5980,18890,-3190,-7140,-12620,-760,-2200,1990,-3000,-2700,1780,-8230,-310,-6800,-4200,-9130,-4580,-5230,-1400,-5120,-5990,-3730,240,-4660,-8740,5100,3370,-4390
2023-03-19,-4780,-3560,-11300,-4770,-4640,-13510,-5370,1150,-11140,-9400,-2550,-2620,-2510,9220,6780,-8240,-17250,-5810,7030,-10860,-950,-6110,1980,-6480,-7800,-4160,570,640,-3710,-8100,-11760,-1640,-3310,-7060,-1420,-2460,2080,22970,-7790,-6480,18590,-3510,-7940,-13320,-970,-2020,1500,-2540,-3000,1610,-8830,-810,-7400,-4160,-10130,-4880,-4510,-1700,-5720,-6190,-4130,-120,-5240,-9340,4400,3040,-4590
2023-03-25,-4980,-3560,-11300,-5470,-4940,-14010,-5670,4500,-11740,-9500,-480,-3320,-2810,8820,6780,3390,-18350,-6510,9580,-10860,-1650,-6810,2060,-7280,-8500,-4230,570,1110,-4510,-9000,11710,-2140,-3070,-7560,-2320,-2660,2150,23420,-8290,-6980,18190,-3510,-8640,-14320,-1370,-2420,3770,-2740,-3700,3730,-9630,-330,-7700,-3770,-10830,-5480,-5010,-2200,-6320,-6390,-4630,-590,-5940,-9080,4340,3610,-4890
2023-03-26,-4940,-3560,-11300,-5970,-5140,-15110,-6570,3900,-12140,-10100,-550,-3820,-3110,8220,6780,2990,-19350,-3780,9180,-10860,-2250,-7710,1760,-7880,-8560,-4600,570,210,-4450,-9600,11410,-750,-3410,-7960,-860,-690,1950,23300,-8200,-3590,17890,-3510,-9130,-15120,-1770,-3020,4560,-3040,-4020,3130,-10130,-320,-8100,-4040,-11930,-6180,-5700,-2100,-7520,-6790,-4930,-1160,-6440,-10080,4900,3290,-4740
2023-04-01,-5240,-4110,-11520,-6370,-1330,-15610,-6970,3300,-12740,-9990,-950,-4130,-3310,8120,6480,2890,-19820,-4180,9180,-11360,-2450,-8410,1460,-7980,-8400,-5100,420,680,-4340,-9900,11110,-860,-4210,-8460,-1360,-1090,1850,23000,-8440,-4190,17690,-3370,-9630,-15270,-2020,-3420,4060,-3240,-4620,3000,-10430,-420,-6710,-4040,-12430,-6380,-5790,-710,-8320,-6890,-5030,-1460,-5970,-10380,4700,2490,-4740
2023-04-02,-4970,-4510,-11820,-6570,-1430,-16510,-7370,3100,-13140,-10190,-1350,-4730,-3510,7920,5980,2290,-20620,-2930,9970,-11840,-2850,-5630,1260,-7980,-8600,-5770,550,280,-4840,-4120,10610,-1160,-5010,-8660,-1760,-1690,1450,22700,-8400,-3770,17490,-3310,-10030,-15970,-1880,-3820,4310,-3640,-5120,4540,-10630,-520,-6910,-4240,-13230,-6680,-5280,-1010,-8520,-6990,-5330,-1760,-6170,-2050,4400,1890,-5040
2023-04-08,-5050,-4280,-12220,-7070,-2030,-17310,-7870,2300,-13740,-10490,-1950,-5430,-3710,7820,5580,1490,-21320,-1310,9670,-12540,-3250,-4340,1340,-8380,-8900,-5900,110,190,-5400,-2310,9910,-1360,-6010,-8760,-2160,-2290,1660,22100,-8640,-4170,16890,-3390,-10530,-17170,-2380,-3530,4820,-2390,-5820,3640,-11330,-1220,-7210,-4640,-14030,-7280,-5780,-1310,-8050,-6430,-5730,-1630,-6870,-2750,3700,890,-5440
2023-04-09,-5770,-4780,-9600,-7170,-2730,-18010,-8270,1600,-14010,-10690,-2550,-6130,-3510,7770,5480,890,-21820,-1910,27950,-12780,-2380,-4740,940,-6540,-9700,-6620,50,-270,-5120,-2910,9210,-1660,-6280,-9610,-2560,-2790,1260,21700,-9240,-4870,19560,-4090,-9430,-18070,-2580,-3830,4230,-2690,-6020,3030,-11400,-1820,-7310,-3480,-15030,-7780,-5130,-1510,-8850,-6830,-4950,-2130,-7570,-3350,3000,370,-5840
2023-04-15,-6030,-5180,-9600,-7970,-2470,-18560,-8870,1590,-14610,-10890,-2850,-6560,-4010,7470,4780,860,-22080,-2810,27650,-12780,-3180,-5340,440,-7440,-10000,-6970,-120,-1170,-5120,-2860,8450,-2000,-6860,-10010,-3060,-3090,960,21600,-9870,-5270,19260,-2770,-10230,-17900,-3080,-4130,5820,-2990,-6720,2430,-11900,-2420,-8110,-3880,-15930,-8580,-5250,-1910,-9650,-7030,-5050,-2630,-8170,590,2400,-430,-5730
2023-04-16,-6430,-5680,-10500,-8250,-2970,-18800,-9770,890,-13140,-8650,-3050,-7160,-4510,7070,4180,-140,-22720,-3410,27650,-12780,-3480,-2780,-60,-8140,-10300,-5330,-520,-1700,-4610,-3150,8570,-2700,-7460,-10710,-3100,-3390,860,20700,-10050,-5870,18860,-3370,-10930,-18700,-3780,-4630,5120,-3490,-6390,1930,-12180,-2720,-8610,-3430,-16730,-9080,-6050,-1010,-10120,-2780,-5250,-3070,-8870,100,1700,-390,-6030
2023-04-22,-6540,-5920,-10920,-9050,-3570,-19200,-9630,7480,-13540,-9150,-3650,-7660,-4910,8890,3680,1160,-23520,-2530,27250,-13580,-4380,-3080,-760,-8840,-10600,-6030,-750,-1770,-4420,-3550,7870,-3100,-7910,-10900,-3500,-3790,1850,20300,-10650,-6370,18660,-3760,-10770,-19700,-740,-4730,4120,-3210,-6380,13960,-13280,-3520,-8910,-3830,-16080,-9580,-5090,-1310,-10920,-3180,-5550,-2870,-8990,-700,1300,-1290,-6130
2023-04-23,-6640,-5480,-11620,-7200,-3970,-20000,-10230,10070,-13610,-9750,-4050,-7120,-5310,9150,3280,560,-24320,-2090,26850,-13840,-5180,-3680,-1360,-9640,-10900,-6150,-1150,-2470,-5330,-3950,7270,-2090,-6370,-11300,-4200,-3990,1620,19860,-10130,-6440,18260,-4540,-10930,-19780,-1240,-5130,3220,-3310,-6780,13160,-13780,-2640,-9610,-4330,-15090,-10180,-2890,-1710,-11320,-3580,-5850,-3470,-9160,-1400,400,-2290,-6430
2023-04-29,-6940,-5800,-11470,-5910,-4570,-20320,-10930,13250,-14010,-9950,-4250,-8020,-5510,9440,2580,160,-24920,-2540,26350,-13620,-5580,-4280,-1760,-10040,-11200,-3920,-1550,-3370,-6230,-4350,6870,-2390,-7270,-11900,-4240,-4490,1120,19360,-10610,-6740,18060,-5090,-11730,-18920,-1340,-5330,5410,-3590,-7250,12760,-14480,-1030,-10110,-4830,-15790,-10580,-3690,-1910,-11860,-3880,-6250,-3850,-9560,-940,-200,-3290,-6630
2023-04-30,-7340,-5970,-11230,-6410,-5070,-21220,-11530,12550,-14710,-10250,-4830,-7920,-4560,8940,2080,-290,-25920,-2640,25850,-13900,-6280,-4880,-2560,-10140,-11750,-4720,-1770,-2650,-6830,-3490,6170,-2890,-7420,-12800,-4640,-4440,990,18860,-10910,-7240,17660,-5190,-11600,-19220,-1840,-5830,4610,-3790,-7750,13590,-14520,-1180,-10710,-5030,-15770,-11180,-4390,-2210,-12160,-3980,-6450,-4550,-10060,-1340,-500,-3990,-6120
2023-05-06,-7370,-5970,-6480,-5280,-5670,-21720,-11830,12590,-15110,-10030,-5330,-8270,-4960,8830,1580,-790,-25740,-3340,26790,-13900,-6980,-4860,-3160,-5540,-12550,-5620,-1450,-2960,-7730,-3790,5470,-3490,-8250,-13200,-5540,-5040,390,18160,-10560,-7460,17460,-5250,-12300,-20220,-2440,-6130,4440,-3990,-8350,13510,-14930,-1540,-11110,-5330,-16170,-11680,-4890,-2410,-11970,-4280,-6460,-5090,-10660,-2040,-500,-4520,-6220
2023-05-07,-7870,-5970,-6870,-5880,-6070,-22820,-12330,12670,-13390,-10630,-5730,-7940,-5460,9140,1180,-1390,-25660,-4140,25990,-13900,-7580,-5760,-3660,-5030,-12800,-5870,-1850,-3660,-4900,-4020,4570,-3890,-8060,-13600,-6540,-5540,90,17560,-10960,-7660,17360,-5500,-12370,-21120,-2670,-6530,4140,-4150,-9150,13230,-15230,-2040,-11610,-5630,-15530,-12080,-5390,-2910,-11390,-4680,-6760,-6070,-10960,-2080,-500,-4550,-6620
2023-05-13,-8270,-5710,-6710,-6380,-6570,-23820,-12330,15730,-13890,-11330,-6530,-8840,-5660,9140,580,-890,-26660,-4540,25590,-14360,-7800,-6120,-4060,-5730,-13000,-6870,-2250,-3170,-5440,-4920,3770,-4290,-7690,-13900,-7140,-5640,-210,17280,-11760,-8360,16860,-5390,-12370,-21720,-3270,-6530,3540,-4750,-9850,13490,-15730,-2340,-11910,-6230,-15740,-12610,-6070,-3410,-11890,-4440,-6290,-6570,-11610,-2080,-1000,-4290,-7320
2023-05-14,-8870,-5720,-6910,-4910,-6970,-24620,-12330,15530,-14390,-11700,-5960,-9640,-6160,9140,380,-1190,-26360,-5140,25190,-14860,-8300,-6180,-4660,-6330,-13400,-6050,-2260,-4270,-5280,-5260,3810,-4890,-7710,-14500,-7940,-6040,-410,16880,-12460,-8960,16360,-5850,-12370,-22420,-3370,-6530,3340,-5150,-10050,13190,-16230,-2940,-12410,-6730,-16440,-13210,-5090,-3820,-12790,-4840,-6790,-7330,-12310,-2080,-1800,-4460,-7720
2023-05-20,-7530,-6450,-7710,-5610,-7770,-21550,-12330,14630,-14490,-11840,-6160,-10340,-6460,9140,-220,840,-24360,-5340,24890,-13790,-8800,-6880,-5560,-6930,-13800,-6850,-2200,-5270,-5880,-5250,26510,-5490,-8510,-14700,-8030,-6840,-810,17470,-13260,-9280,15660,-6550,-12370,-22720,-3570,-6530,2740,-5750,-10750,12890,-16930,-3840,-12810,-7130,-17440,-13710,-5590,-4120,-13090,-4220,-7190,-8130,-12500,-2080,-2200,-5560,-8120
2023-05-21,-8130,-7020,-8410,-6310,-8470,-22550,-12330,13930,-14890,-11330,5650,-11140,-6860,9140,-720,640,-24150,-6140,24590,-14280,-9170,-5540,-6060,-7730,-14300,-6460,-2360,-6370,-6110,-5750,25710,-6190,-8660,-15200,-590,-7040,-590,16870,-13660,-9320,15260,-6950,-12370,-23520,-3870,-6530,2880,-6250,-11650,13000,-17230,-3540,-13610,-7430,-17840,-12830,-4860,-4170,-13690,-4720,-6310,-9130,-13200,-2080,-2700,-5530,-8320
2023-05-27,-8530,-7490,-9010,-6910,-8570,-22950,-12330,39410,-15490,-11630,5050,-11070,-6960,9140,-1120,340,-24850,2180,24290,-14240,-9970,-5940,-6460,-8030,-14800,-6060,-2020,-6870,-5520,-6250,25710,-6390,-9560,-15500,-790,-7640,-990,16470,-13840,-9420,15060,-6170,-12370,-24120,-4270,-6530,2580,-6450,-11160,12700,-17230,-4140,-13910,-6160,-14110,-13230,-5560,-4270,-14290,-4920,-6710,-9830,-13700,-2080,-3100,-4760,-8320
2023-05-28,-9030,-8190,-9510,-7210,-8970,-23550,-12330,38910,-14510,-11930,6160,-11370,-7060,9140,-1420,-60,-24470,1380,23790,-12240,-10070,-6340,-6860,-8530,-15300,-6760,-2180,-7970,-6320,-5640,25710,-6790,-10060,-14070,-820,-7740,-1090,15870,-13750,-9720,14760,-6670,-12370,-24620,-4470,-6530,2380,-6650,-11760,12100,-17430,-4540,-14010,-6460,-14610,-13430,-6260,-4670,-13020,-5020,-7110,-10010,-13960,-2080,-3700,-5190,-8420
2023-06-03,-9330,-8380,-9810,-7410,-9470,-16180,-12330,38410,-14710,-12430,5660,-11870,-7360,9140,-1590,-360,-25170,4240,23790,-13040,-10230,-6440,-7260,-8530,-14730,-7660,-2480,-8670,-7320,-6040,25710,-7290,-10070,-14370,-1220,-7940,-1190,15810,-14130,-9920,14660,-7270,-12370,-23390,-4570,-6530,2080,-5630,-12360,11700,-17210,-5040,-14110,-6760,-14330,-13730,260,-3980,-13620,-5220,-7810,-10710,-14360,-2080,-3800,-3940,-8720
2023-06-04,-9630,-8480,-10210,-7610,-9770,-16780,-12330,37810,-15410,-11050,5750,-12470,-7860,9140,-1890,-860,-26170,4110,23490,-12480,-10630,-7140,-7760,-8530,-15230,-8260,-2780,-8840,-6980,-6440,25710,-7490,-9180,-14570,-1300,-8040,-1490,15210,-14040,-10020,14560,-7670,-12370,-23990,-4770,-6530,1780,-5930,-12590,11600,-17510,-5340,-14210,-6960,-14630,-14230,70,-4280,-13810,-5420,-8210,-11210,-14860,-2080,-4200,-4270,-8820
2023-06-10,-9890,-8850,-10810,-8010,-8250,-16750,-12330,37550,-16010,-11350,5350,-13070,-8060,9140,-2190,140,-26640,3510,23980,-11530,-10920,-7740,-8360,-8530,-15530,-8040,-2360,-10040,-7680,-7240,25010,-7890,-9760,-13050,-260,-8440,-1690,14410,-14140,-10320,14460,-8080,-12370,-25090,-5270,-6530,1080,-6530,-13290,11590,-17340,-5640,-14160,-7160,-15390,-14830,-730,-4470,-14580,-5820,-8610,-12010,-14430,-2080,-2590,-4590,-9220
2023-06-11,-10590,-9450,-11510,-8410,-8070,-17650,-12330,37620,-16710,-11850,5460,-13470,-8560,9140,-1690,-460,-27440,2610,23380,-11920,-11520,-8440,-8560,-8530,-15830,-8300,-2330,-10540,-8410,-8040,24210,-8590,-10460,-13550,-90,-8840,-1790,14030,-13840,-10820,14160,-8880,-12370,-25990,-5570,-6530,480,-7030,-13890,10990,-18140,-6140,-14660,-7680,-14650,-15230,-1630,-3430,-15500,-6320,-7260,-12090,-14190,-2080,-2450,-5090,-9420
2023-06-17,-11490,-9440,-12310,-8810,-8470,-18550,-12830,36950,-17410,-12350,4760,-13640,-8760,8840,-2090,80,-27840,6900,23080,-11520,-12120,-6990,-6940,-8930,-16230,-9200,-1900,-11240,-8400,-6550,23610,-8990,-11020,-13750,-790,-9540,-1890,13530,-14740,-11220,13660,-9680,-12870,-26990,-6070,-6830,-220,-5850,-14490,10780,-18940,-6640,-14960,-7780,-10720,-15430,-2030,-3730,-11910,-6820,-7660,-3380,-14890,-2680,-2750,-4380,-10120
2023-06-18,-11310,-9690,-13210,-9310,-8570,-19550,-11950,36050,-17460,-13150,4460,-14340,-9060,8640,-2290,-620,-28840,6000,22880,-12480,-12520,-7280,-7440,-9630,-16530,-8310,-2400,-12140,-8840,-7050,23310,-9490,-11400,-13630,1420,-9640,-2290,12930,-15440,-12020,13460,-10180,-13170,-27890,-5480,-7130,-920,-6250,-15190,11030,-19240,-7140,-15260,-7980,-10200,-16030,-2730,-4020,-9590,-7120,-8460,-1030,-13760,-3480,-3250,-5380,-10620
2023-06-24,-11910,-9670,-12090,-9810,-8970,-19580,-12550,35580,-18160,-13450,3960,-14020,-9460,8340,-2490,-620,-28810,5570,22580,-12420,-13220,-7680,-7940,-10130,-16730,-1850,-2960,-7530,-8050,-3560,24440,-9690,-12300,-14130,3500,-10140,-2490,12230,-15630,-12520,13360,-10540,-13270,-28790,-5880,-7730,-1620,-6100,-15640,10800,-19740,-7640,-15660,-8380,-9500,-16530,-3630,-2530,-9160,-7520,-8760,-2130,-14260,-4080,-3650,-5840,-11220
2023-06-25,-12310,-9450,-12310,-10510,-9570,-20190,-12750,35470,-18760,-13750,3260,-14920,-9960,7840,-3090,-620,-29110,4970,22080,-13220,-8940,-2120,-8240,-10530,-17230,-1680,-3460,-8330,-8650,-3730,23940,-10290,-12400,-14540,3000,-10640,-2690,13580,-16130,-13120,13360,-10940,-13270,-29890,-6280,-3420,-1770,-6400,-14970,10530,-20540,-8340,-15760,-9180,-10000,-17330,-3830,-1610,-7640,-7920,-8960,-2930,-15260,-3660,-4250,-6640,-11520
2023-07-01,-12810,-9450,-13010,-10610,-7070,-20330,-11960,36400,-18760,-14450,4400,-13250,-10260,7340,-3390,-1120,-30010,4470,22310,-14320,-9440,-2720,-8740,-11030,-17330,-1620,-3360,-8840,-9450,-4330,24080,-10690,-12950,-14840,2500,-11140,-2490,13710,-16540,-13350,13570,-11240,-13870,-30590,-6880,-3920,-2270,-6800,-15270,11310,-20240,-8840,-15960,-9480,-10800,-17730,-4230,-1120,-8140,-8120,-9160,-3640,-15660,-4360,-5050,-6780,-12020
2023-07-02,-13410,-9450,-12210,-11210,-7270,-21230,-12360,36370,-19160,-13320,6390,-14250,-10560,6840,-3890,-1380,-30610,6390,21910,-13330,-9740,-3520,-9340,-11630,-17530,-2520,-3680,-9100,-9850,-2250,23280,-11190,-13120,-15140,2370,-11440,-2590,13210,-16960,-13950,13170,-10990,-14250,-31190,-7380,-3920,-2870,-7300,-16070,11130,-20500,-9240,-16060,-9580,-10320,-18230,-4930,-1290,-9140,-8290,-9660,-3000,-15860,-5060,-5550,-7580,-12320
2023-07-08,-13290,-9750,-12350,-11610,-7570,-21100,-12960,36030,-19310,-12310,6090,-14950,-11060,6940,-4190,-1780,-30970,5890,21810,-14130,-10440,-4420,-9840,-11830,-17730,-2750,-3670,-9800,-9480,-2550,22780,-11790,-13860,-14690,1670,-11940,-2890,13850,-17760,-14250,12770,-10270,-14850,-31790,-7780,-4420,-2770,-7500,-16570,11510,-20420,-9260,-16360,-9680,-11220,-18730,-5330,-1280,-9770,-8690,-10160,-1280,-16260,-5560,-5290,-8580,-12820
2023-07-09,-13890,-10090,-12850,-12110,-7970,-20300,-13260,36590,-19610,-12910,5590,17170,-11460,6340,-4390,-2280,-32070,7110,21610,-15130,-10840,-5020,-9600,-12030,-17930,-3030,-3830,-9680,-9430,-3050,22430,-12090,-14270,-14890,1270,-12640,-3190,13350,-17480,-14950,12570,-10500,-15450,-32490,-7600,-4920,-3170,-7900,-16920,11210,-20300,-9760,-16460,-9300,-11790,-19430,-6030,-1880,-10020,-8890,-10360,-1350,-15750,-6060,-5690,-9090,-13320
2023-07-15,-13830,-10690,-13450,-12410,-8190,-21200,-13660,35790,-19850,-13210,5190,18520,-12060,5940,-4690,-1250,-32180,6410,21510,-15500,-11140,-5620,-10300,-11940,-18430,-2510,-4060,-10580,-9590,-3450,21930,-12590,-14860,-15190,1310,-13140,-3290,12850,-15990,-15350,12370,-11000,-15950,-33190,-7800,-4310,-3570,-5320,-17720,10810,-20700,-10060,-15340,-9400,-10500,-20030,-6530,-2380,-10720,-9090,-10760,-2050,-16150,-6460,-6090,-3490,-12540
2023-07-16,-13620,-10660,-13850,-12910,-8690,-21180,-14460,34790,-20150,-13810,4790,17920,-8260,5440,-4480,-1950,-32880,5610,34420,-16100,-11940,-5790,-10700,-12140,-18830,-2980,-4360,-10910,-9470,-3750,21130,-13090,-14900,-9110,890,-13340,-2790,12150,-16690,-15550,12170,-11500,-16650,-33040,-8400,-5010,-4270,-1880,-18520,10530,-21400,-9930,-15640,-9700,-11500,-19010,-6320,-2980,-11520,-9490,-10030,-1930,-16350,-7360,-6890,-1210,-13040
2023-07-22,-14520,-10430,-14350,-12910,-9090,-21980,-14100,33890,-20350,-14310,4490,17320,-8460,5040,-4780,-2450,-33580,5160,34120,-15540,-12110,-6190,-11200,-12640,-19130,-3780,-4520,-11410,-9370,-4350,20430,-13390,-15140,-7450,390,-13840,-3190,11550,-17270,-16050,11870,-11530,-16760,-33840,-8700,-4350,-4770,-1340,-19120,11200,-21780,-10530,-15740,-10100,-10300,-19810,-6720,-3380,-12220,-9890,-10230,-2530,-16750,-7410,-7390,-1750,-13340
2023-07-23,-15020,-10800,-14750,-12910,-9390,-23080,-14600,32790,-19790,-13990,3690,23020,-8860,4440,-4980,-2690,-32910,4460,33620,-16040,-10610,-6590,-11700,-13340,-19730,-4260,-4820,-12110,-9240,-690,19630,-13890,-14110,-7550,-210,-14440,-3690,11350,-17480,-16150,11370,-8760,-17000,-34540,-8650,-4750,-4580,220,-19720,11020,-22580,-11230,-15940,-10300,-9930,-20310,-7220,-3780,-12620,-10390,-10530,-2530,-17150,-6870,-7890,-2350,-13740
2023-07-29,-15220,-10720,-15050,-12910,-9690,-24180,-14900,31790,-20190,-14290,3390,22620,-9360,3840,-5080,-3090,-33410,4410,33520,-15040,-10810,-7190,-12400,-13840,-19930,-4860,-4700,-12510,-9540,-990,19530,-14090,-14810,-7550,-310,-14740,-1640,10950,-17870,-16250,11170,-9160,-17500,-35340,-9030,-4950,-5280,550,-19890,11460,-22780,-11270,-12640,-10400,-9680,-20810,-7720,-4180,-12620,-10690,-10530,-3030,-17450,-6970,-7990,-3350,-14540
2023-07-30,-15520,-11090,-15750,-12910,-9990,-24880,-13140,30890,-20390,-14180,3090,22320,-9660,3240,-5080,-3590,-33730,3810,33520,-15660,-11210,-6880,-9820,-14340,-20330,-5000,-4510,-12910,-8150,-1040,22160,-14390,-15410,-7850,-710,-14020,-1740,12130,-18290,-16650,10970,-9960,-18000,-35740,-9530,-5150,-5150,350,-20290,11060,-19160,-11470,-12940,-10800,-10180,-21010,-8120,-4580,-12620,-11290,-10730,-3930,-17650,-6780,-7990,-2920,-14840
2023-08-05,-15820,-11690,-12310,-12910,-10090,-25590,-13740,29890,-20590,-14490,2890,21920,-10060,3660,-5280,-4090,-34530,3310,33320,-16360,-11410,-7480,-4820,-14840,-20200,-4580,-3960,-13040,-8450,-1240,21860,-14390,-16080,-7950,-1110,-14520,-2040,11850,-18710,-16340,10770,-10360,-18500,-35940,-10330,-5450,-5350,-150,-20890,10960,-19660,-11670,-13240,-11000,-10880,-21110,-8160,-5080,-12620,-11590,-11030,-4340,-18150,-7180,-8090,-3330,-14940
2023-08-06,-16320,-12090,-12410,-12910,-10290,-26390,-14040,31510,-20690,-14030,2690,21620,-10360,3630,-5380,-4390,-35030,3340,33220,-17060,-7210,-8180,-5320,-14460,-20300,-4390,-3770,-13340,-8960,-1740,21660,-14690,-16680,-8050,-1210,-14720,-2440,11050,-18840,-16640,10770,-8980,-18900,-36440,-10830,-5550,-5400,-550,-21390,10760,-19170,-12170,-13340,-11000,-11480,-21410,-8660,-5480,-12620,-11890,-11230,-4940,-18250,-7480,-8290,-3210,-15540
2023-08-12,-16920,-12020,-11770,-13410,-10490,-26200,-13810,31090,-21350,-14230,5660,20920,-10860,3250,-5980,-4810,-33580,2740,33020,-17760,-7910,-9080,-4110,-14860,-20500,-5090,-3410,-13750,-9200,-2440,20960,-15390,-16910,11970,-1610,-15020,-2540,11050,-19800,-17240,10770,-9020,-19400,-37340,-11330,-5640,-4600,-1050,-21990,10460,-19570,-12770,-13540,-11200,-12580,-21810,-9060,-5780,-13120,-12590,-11930,-5590,-18650,-7980,-8490,-4010,-15380
2023-08-13,-17620,-12020,-11500,-14110,-10790,-25230,-14210,30630,-22150,-15030,4960,20320,-11160,2650,-6480,-5410,-34580,1940,32520,-15180,-8410,-9170,-4510,-15160,-20430,-5570,-2650,-14450,-8730,-2740,20160,-15990,-17910,12430,-2410,-15320,-1320,11050,-20170,-17030,10470,-9020,-20200,-37940,-11930,-6340,-2410,-1090,-22690,9960,-19770,-13470,-13940,-10740,-13100,-22410,-9760,-5980,-13920,-12990,-12430,-5830,-19050,-8580,-9190,-4870,-16080
2023-08-19,-18520,-12540,-12000,-14510,-11190,-26230,-14910,29430,-22190,-15430,5690,20010,-11350,2250,-5200,-5240,-35480,1640,32020,-15150,-8510,-9670,-5310,-15760,-20730,-6500,-2850,-15250,-9130,-3440,19760,-16490,-18600,12030,-3210,-15720,-1720,12840,-20590,-17730,10070,-9720,-17420,-38640,-11680,-7240,-2760,-1190,-21580,9660,-20470,-14170,-14340,-11140,-13410,-22910,-9820,-6280,-14350,-13390,-13230,-6430,-19350,-8740,-9790,-5970,-16780
2023-08-20,-19220,-13180,-13000,-15010,-11720,-26730,-15410,29120,-22350,-15680,5670,19810,-11650,1850,-5480,-5640,-36080,2620,31920,-15010,-7840,390,-5810,-15710,-20930,-6680,-2400,-15670,-9530,-4340,19060,-16990,-19300,12230,-4110,-16520,-2020,13220,-21190,-17830,9470,-10320,-18120,-39640,-12180,-7740,-2170,-1390,-22080,10460,-21170,-14670,-14740,-11640,-13910,-23510,-10260,-5360,-13920,-13500,-13630,-6970,-19550,-9640,-10190,-6670,-15600
2023-08-26,-19820,-12470,-12860,-15510,-12320,-27530,-16010,28320,-23150,-15780,6260,19810,-11950,1450,-5780,-5650,-34720,2020,31620,-15310,-8640,90,-6110,-15910,-21330,-7580,-1990,-15760,-10030,-4740,18560,-16860,-19200,11730,-4910,-16620,-2120,13120,-21990,-17830,8970,-9970,-18620,-40540,-12680,-8440,-2620,-210,-21800,9960,-21570,-14980,-15140,-11570,-14310,-23910,-8650,-5460,-14210,-14200,-14430,-7870,-14840,-10440,-10590,-7470,-15900
2023-08-27,-20420,-12970,-13060,-15710,-12520,-28030,-17010,27720,-23550,-15510,6130,19810,-12050,1150,-5480,-940,-35820,2680,31120,-15610,-9040,-210,-5000,-16210,-22030,-8380,-2170,-14780,-10430,-4800,18060,-17360,-19240,11630,-5480,-16920,-2320,13120,-22560,-17830,8470,-8930,-19020,-39130,-12880,-9240,-2870,-270,-22700,9760,-21710,-15680,-15540,-12070,-13020,-24310,-9150,-5660,-15310,-14600,-15030,-8370,-15040,-10540,-10990,-8070,-16100
2023-09-02,-20720,-13370,-13760,-15810,-12820,-27560,-17710,26820,-24250,-15810,6800,19810,-10580,750,-5680,-1240,-36920,1790,32130,-16060,-9540,1980,-5700,-16710,-22230,-9090,-2770,-9270,-11230,-4830,17770,-17860,-19840,11230,-6380,-13370,-2450,13120,-21610,-18060,8070,-9530,-16680,-37040,-13480,-9740,-3000,-470,-23700,9260,-21620,-15980,-15740,-12570,-13620,-24710,-9650,-5960,-15660,-15000,-15530,-7890,-15140,-6370,-10640,-8870,-16300
2023-09-03,-16470,-13780,-14460,-16010,-13520,-28160,-18310,27900,-25050,-16510,7100,19810,-7080,710,-5980,-1940,-37520,890,31730,-16300,-9840,1280,-6300,-12600,-22330,-8900,-2720,-10170,-10770,-4000,16970,-18560,-19480,10730,-6980,-13870,-2700,13120,-22300,-18560,7770,-7700,-16860,-37740,-13880,-10140,-3400,-1070,-22860,9060,-21820,-16580,-16140,-12870,-14520,-25160,-10650,-6660,-15490,-15190,-15200,-7940,-15340,-7270,-11040,-9670,-16500
2023-09-09,-15840,-13840,-14960,-16210,-13520,-27570,-18610,27300,-25250,-16610,7000,19810,-7180,510,-6380,-2140,-37620,1190,31630,-16700,-9780,980,-6800,-12600,-22430,-9120,-2920,-11070,-11070,-4300,16670,-18660,-19780,11020,-7080,-14070,-2340,13120,-23000,-12700,7770,-7980,-17260,-38140,-12370,-10340,-3800,-1170,-23560,8560,-20950,-16880,-16240,-12970,-15220,-25460,-10570,-6070,-15130,-15490,-15200,-7700,-15540,-4870,-11140,-10370,-16800
2023-09-10,-15250,-12810,-15260,-16710,-13520,-28270,-18910,26700,-25550,-15720,6600,19810,-7380,510,-6780,-2240,-38220,490,31630,-16700,-10180,15140,-7100,-12700,-22530,-9710,-2920,-11620,-11570,-4100,16070,-19060,-20110,10720,-7280,-14370,-1980,13120,-23050,-12900,7370,-8280,-17760,-36300,-12400,-10640,-4440,-1270,-24260,8970,-21450,-17280,-16440,-12970,-15920,-25860,-10770,-6170,-15110,-15790,-15400,-8100,-15540,-5170,-11240,-11370,-16900
2023-09-16,-15450,-12810,-15270,-16810,-13520,-28870,-19510,25600,-25290,-15820,7120,19710,-7780,310,-6570,-2340,-38520,190,31330,-16250,-10580,14940,-7300,-12510,-22730,-10110,-2470,-11920,-12270,-4400,15370,-19260,-20560,10620,-7560,-14570,-2280,13120,-23800,-13000,6870,-8580,-18160,-35780,-12700,-10940,-3400,1600,-24860,8570,-14450,-17580,-16540,-13070,-16220,-26260,-11070,-6370,-15510,-15990,-15600,-8700,-15640,-5270,-11340,-1420,-17200
2023-09-17,-14830,-13000,-15590,-17110,-13520,-29550,-19610,24500,-24500,-15920,6430,19610,-7780,2570,-6770,-2540,-39120,-110,31330,-16170,-11380,14640,-1660,-12710,-22730,-8270,-2510,-12420,-11420,-4500,15170,-19560,-20900,9920,-8060,-14670,-2680,13120,-24100,-13300,6770,-8950,-18560,-36380,-13000,-11540,-3900,1500,-25360,7970,-15150,-18080,-16940,-13270,-17120,-26960,-11270,-6470,-16110,-14710,-15800,-9000,-15640,-2920,-11640,-1820,-17400
2023-09-18,-13910,-13100,-16090,-17310,-12360,-30150,-20210,24000,-24540,-15350,6130,19510,-7980,2570,-7070,-2640,-39920,-610,31030,-16770,-11780,14140,-1860,-12910,-22730,-8770,-2880,-12840,-11670,-4700,14970,-19760,-21500,9520,-8960,-14970,-2980,13120,-24500,-13400,6770,-8960,-18960,-36780,-13400,-12040,-4200,1400,-25830,7470,-15250,-18180,-17140,-13370,-17820,-27360,-11270,-6670,-16810,-14730,-16200,-9300,-15740,-3420,-12040,-480,-17600
2023-09-23,-13970,-13510,-16790,-17710,-12360,-30950,-20710,23780,-21290,-15650,9060,19110,-8380,2470,-7370,-2640,-40420,-800,30830,-17270,-11960,13640,-2160,-13010,-22930,-9500,-3320,-13140,-11630,-5000,15580,-19960,-22130,9420,-9660,-15070,-3080,13020,-24920,-13500,6570,-9180,-19660,-35940,-13600,-9980,-4500,1300,-26230,7270,-15550,-18580,-17140,-13570,-18620,-26470,-11770,-6490,-17120,-14730,-16400,-9770,-15740,-4120,-12040,-730,-17900
2023-09-24,-14270,-13310,-17190,-18010,-12660,-26790,-20710,23750,-21590,-15750,8960,18710,-8680,2370,-7370,-2640,-40670,-1200,30430,-18270,-11180,13440,-2660,-13110,-23230,-9660,-2650,-13640,-12430,-5100,23260,-20160,-22640,9260,-10160,-15170,-3180,12920,-25720,-13600,6370,-9780,-20160,-36340,-1270,-10280,-4700,1000,-26730,7300,-15850,-19080,-17240,-13570,-19120,-26570,-12170,-6690,-17420,-14730,-16700,-10120,-15740,-4490,-12040,-680,-18100
2023-09-30,-14670,-13310,-15560,-18210,-12760,-27590,-21210,23270,-21890,-16050,8260,18110,-8880,2270,-7770,-2840,-40340,-1800,30130,-18870,-11880,13710,-3260,-13210,-23330,-10250,-3070,-14340,-12150,-5300,23260,-20360,-22810,8660,-10460,-15570,-3280,12620,-26030,-13900,6170,-9620,-20660,-34230,-1470,-10380,-4700,900,-24540,6800,-16150,-19280,-17340,-13770,-18820,-26670,-12170,-6990,-18020,-14730,-16800,-11020,-15740,-4790,-12140,-1580,-18100
2023-10-01,-15570,-13310,-15300,-18710,-13060,-28290,-21710,27610,-22390,-16250,8060,17710,-8980,2170,-7430,-2740,-40730,-2100,29930,-18830,-12180,13510,-3960,-13410,-22680,-11200,-2880,-15340,-12950,-5000,22960,-20760,-23410,10200,-11060,-15770,-3580,12520,-26170,-14000,5970,-9730,-21360,-34430,-1570,-10780,-4700,700,-21020,7120,-16550,-19480,-17740,-13770,-17470,-26870,-12170,-7690,-18030,-14730,-17100,-11130,-15820,-4990,-12240,-2380,-18200
2023-10-07,-15970,-11330,-15800,-19010,-13160,-28790,-21910,27200,-22490,-16250,7560,17410,-9080,2070,-7630,-3240,-41630,-2600,29430,-19390,-12780,12910,-4160,-13810,-22880,-11780,-3480,-16140,-13550,-5300,22560,-21060,-21660,9900,-11660,-16270,-3880,12120,-26770,-14200,5670,-10430,-20970,-34930,-1780,-11080,-5200,500,-21040,6720,-17350,-18020,-17740,-13870,-17640,-27270,-12170,-7370,-16830,-14930,-17300,-11260,-14650,-4840,-12340,-2780,-18400
2023-10-08,-16380,-11220,-15540,-19310,-13460,-28810,-22410,27000,-23190,-16180,7460,17110,-8810,1770,-8030,-3340,-42530,-3300,29130,-20090,-13280,12750,-4460,-13810,-22980,-12680,-3780,-17040,-13900,-5800,22160,-21160,-22170,9600,-11760,-16370,-4280,11720,-27450,-14200,5570,-10930,-19050,-35330,-1980,-11210,-2950,300,-21640,6020,-17950,-18520,-17940,-14170,-17990,-27370,-12170,-7470,-16930,-15030,-17500,-9670,-14850,-5440,-12440,-3260,-18500
2023-10-09,-16780,-12120,-14990,-19610,-13660,-29710,-22810,26200,-23690,-16130,6860,16710,-6660,1570,-8230,-3440,-41360,-3800,28630,-20090,-13980,12450,-5060,-14210,-22200,-12680,-4170,-17640,-13580,-6100,21760,-21360,-22020,9100,-12460,-16570,-4420,11320,-25450,-14400,5370,-10930,-19550,-35730,-1520,-11810,-3450,0,-22340,5820,-18450,-18520,-17940,-14170,-17120,-27570,-12170,-7400,-17530,-13860,-17700,-10670,-14950,-6040,-12440,-3200,-18600
2023-10-14,-17010,-11950,-13610,-19410,-14060,-29050,-23010,25700,-24190,-16240,6520,24310,-6960,1470,-7930,-4040,-42260,-3480,28530,-20100,-14380,12110,-5460,-14310,-22400,-13580,-4250,-18640,-14380,-6700,22310,-21960,-21100,8800,-12620,-16770,-4820,11510,-25600,-14900,5170,-11310,-15410,-36630,1070,-12510,-3720,-200,-22850,5520,-19050,-19020,-18140,-14570,-18120,-28070,-12170,-7800,-18030,-14060,-17890,-11490,-15550,-6540,-12540,-3900,-19000
2023-10-15,-17510,-12470,-12890,-20210,-14660,-29490,-23510,24500,-24990,-12060,6410,23510,-7060,1170,-7890,-4160,-42760,-4080,28330,-19980,-15180,11630,-5960,-14710,-22900,-13960,-3930,-19540,-14980,-7000,21410,-22360,-19980,8990,-12820,-17270,-5020,11210,-25800,-12010,4970,-11560,-15620,-36870,870,-12910,-2740,-800,-23750,4820,-19150,-19420,-18740,-14970,-19020,-26940,-12170,-8100,-18630,-14860,-18190,-11950,-15860,-6840,-13240,-4300,-19200
2023-10-21,-18110,-12560,-13290,-20710,-14960,-29310,-23710,23780,-25090,-12660,5810,23010,-7260,870,-7970,-4760,-43560,-4980,27930,-16890,-15780,10930,-6460,-15210,-23200,-14480,-4330,-20540,-14950,-7500,20710,-22660,-19640,8590,-13620,-17570,-5220,11500,-26700,-12210,4770,-11510,-15850,-37670,770,-13510,-3140,-1060,-24550,4320,-18620,-19150,-18940,-15170,-19050,-27440,-12170,-8600,-18360,-15160,-18300,-12750,-16110,-7340,-13840,-4990,-19700
2023-10-22,-13780,-12630,-13590,-21410,-15360,-29950,-24110,22680,-24560,-13260,5610,22410,-7370,570,-2100,-5160,-42250,-5030,27830,-17490,-16380,10130,-6960,-15510,-23300,-13870,-5030,-21240,-15100,-7670,19810,-22960,-20140,7690,-14020,-17970,-5620,10910,-27200,-11740,4530,-11450,-16510,-38770,170,-14010,-2850,-1460,-24950,4120,-19720,-19750,-17830,-14880,-18210,-20220,-12170,-9000,-18760,-15360,-18700,-13550,-16410,-8140,-13940,-5590,-19900
2023-10-28,-13300,-12550,-14390,-21610,-15660,-30660,-22380,26870,-24950,-13760,5850,21980,-7870,-30,-2700,-5460,-38670,-5630,27330,-18290,-12330,9530,8440,-15910,-23600,-14870,-4920,-22140,-15500,-8070,18910,-23060,-21240,9650,-14320,-18670,-5190,10710,-27950,-10180,4330,-11760,-16520,-39270,-230,-14310,-1700,-1660,-25440,3920,-20220,-20550,-18230,-15380,-18310,-20620,-12170,-9200,-19360,-15000,-19100,-14350,-16610,-8840,-14040,-5960,-20200
2023-10-29,-13800,-12430,-14790,-21910,-15960,-29820,-22880,26070,-25550,-14160,11820,21380,-8170,-230,-3200,-5960,-38130,-6330,26930,-16960,-12930,9570,8040,-16610,-24100,-15670,-5320,-23040,-15050,-8270,18310,-22790,-21910,9250,-15120,-18970,-5350,15360,-28650,-10380,4130,-11960,-16880,-39970,-690,-14810,-2000,1620,-26340,3520,-20720,-20320,-18630,-15220,-18260,-18680,-12170,-9600,-20460,-15400,-19800,-14850,-17010,-9640,-14340,-4780,-20300
2023-11-04,-14300,-12430,-14790,-22610,-16760,-30290,-23280,25350,-26450,-14490,11400,20680,-7660,80,-3700,-6460,-39130,-6290,26730,-16610,-13630,8870,7440,-16910,-24300,-15670,-5320,-23940,-15050,-8670,17610,-23190,-21970,8850,-14120,-19270,-5350,14360,-28610,-10680,3730,-11960,-17580,-40670,-690,-15110,-3000,1020,-27140,2820,-20920,-19720,-19230,-11380,-19260,-19280,-12170,-10200,-20530,-15800,-19800,-15760,-17120,-10340,-7660,-5460,-20500
2023-11-05,-13940,-12430,-14790,-23110,-17360,-30720,-23780,24650,-27450,-14890,10400,20180,-8060,-190,-4000,-6960,-39770,-7090,26230,-15040,-14330,8470,6640,-17410,-24600,-15670,-5320,-24740,-15050,-8880,17320,-23690,-22370,8250,-13260,-19660,-5550,14820,-28600,-8390,3430,-11960,-17440,-41570,-690,-15710,-3700,320,-28040,2430,-21620,-20120,-19430,-11680,-19060,-19780,-12170,-10500,-21230,-15970,-19800,-16760,-17620,-11040,-7860,-6360,-21000
2023-11-11,-14440,-12960,-15390,-23510,-17560,-31130,-24380,23610,-28250,-15490,9800,19280,-8160,0,-4500,-6510,-36310,-7490,25930,-15530,-14630,7870,6040,-17510,-24800,-13750,-5370,-25740,-14730,-9480,16420,-24190,-23010,7650,-13860,-20160,-5750,14220,-28900,-9090,3130,-11960,-17020,-42370,-890,-16110,-4400,1060,-28840,3340,-16400,-20520,-19930,-12080,-18300,-20280,-12170,-10800,-21730,-16170,-19800,-17060,-17060,-11640,-5200,-6570,-20840
2023-11-12,-15040,-12780,-15690,-23090,-17960,-31740,-24380,22710,-28750,-11080,8800,18380,-8160,3820,-5300,-6090,-37210,-7320,25430,-16430,-15330,7570,5440,-18010,-25000,-14320,-5890,-26640,-14530,-10080,15420,-24390,-23810,8630,-13610,-20960,-5750,14250,-29380,-9290,2930,-11960,-17720,-42870,-1290,-16510,-3950,560,-29540,3390,-16960,-20920,-20530,-12580,-17850,-20280,-12170,-10510,-22430,-16470,-19800,-14120,-17660,-11940,-5300,-7170,-21040
2023-11-18,-15640,-13010,-16390,-22570,-18460,-32440,-24410,25670,-29250,-11380,8300,17680,-8240,3320,-5600,-6690,-38110,-8120,25130,-15740,-15630,6870,4740,-18410,-25100,-14150,-6450,-27270,-15200,-10180,15610,-23870,-22860,8230,-14110,-21360,-6050,13850,-29850,-9790,2430,-11960,-17890,-43570,-1590,-17510,-4650,560,-28460,2740,-17660,-21420,-20830,-13080,-18950,-20680,-12170,-9650,-23330,-16670,-19960,-14920,-17860,-12640,-5800,-7770,-21240
2023-11-19,-16340,-12120,-17290,-22950,-18960,-33240,-24710,25490,-30050,-11980,7300,17810,-8440,3120,-6400,-7190,-38810,-8370,24830,-16740,-15360,7400,4040,-18710,-25800,-14950,-5570,-28070,-16300,-10180,14810,-24470,-23660,10510,-14140,-21860,-6450,13550,-30190,-10190,1930,-11960,-17410,-44350,-1890,-17910,-5350,560,-29160,2180,-18560,-21920,-21030,-13780,-18670,-21080,-12170,-9640,-22100,-17170,-20460,-15620,-18200,-13040,-6300,-8570,-21540
2023-11-25,-16740,-12050,-17990,-23250,-19460,-30590,-24810,24890,-30350,-12180,6600,20480,-8640,4580,-6800,-7260,-39410,-8970,24630,-17010,-15760,7000,3940,-18910,-25900,-15750,-6170,-28870,-16450,-10480,14310,-24570,-22370,10210,-14440,-21960,-3600,13490,-30170,-10190,1930,-11960,-18010,-44950,-1990,-18210,-5950,360,-30060,1580,-18960,-22320,-21030,-13880,-19570,-21280,-12170,-9740,-22400,-17370,-20460,-16120,-18500,-13570,-6600,-9470,-21640
2023-11-26,-17240,-12350,-18490,-23350,-19660,-31090,-24320,24090,-30650,-10920,6000,20280,-8640,4280,-7200,-7560,-39810,-9770,24230,-17140,-16260,6500,3540,-19210,-26000,-15840,-6300,-29370,-16910,-10780,13710,-24870,-23130,9610,-13690,-22160,-3800,13190,-30180,-10190,1930,-11960,-18710,-45250,-2190,-18710,-6350,60,-30760,1850,-19360,-22520,-21030,-13980,-19450,-21580,-12170,-9480,-23100,-17570,-20560,-15850,-18800,-14070,-6800,-10370,-21740
2023-12-02,-17740,-12950,-18230,-24050,-19860,-27120,-24720,22890,-30950,-11460,5600,19880,-8740,3820,-8000,-4600,-40510,-10060,24130,-13390,-16760,6200,2540,-19810,-26100,-16240,-6420,-29870,-17610,-11380,13600,-25070,-23830,9010,-14490,-22260,-4200,13930,-30990,-10590,1630,-11960,-19400,-45250,-2390,-19310,-6880,-140,-31010,1850,-20060,-21000,-21130,-14180,-20150,-21780,-12170,-9680,-23800,-17970,-20300,-15810,-18630,-14280,-7010,-11080,-21940
2023-12-03,-18140,-13520,-18730,-24350,-20260,-28020,-24490,22520,-31550,-12010,5300,19280,-9140,3420,-8200,-5000,-41510,-10750,24130,-13050,-16050,5500,1940,-20110,-24350,-10370,-6510,-30570,-17310,-12180,13200,-25470,-24630,8560,-15190,-22460,-4500,13630,-31240,-11090,2250,-11960,-17340,-45250,-2990,-19810,-7470,-740,-30210,1850,-20020,-21060,-21430,-14380,-21250,-21880,-12170,-9610,-23600,-18070,-20600,-16560,-19130,-14180,-6670,-12080,-22240
2023-12-09,-18740,-14020,-19040,-22920,-20660,-28920,-24990,21740,-32050,-12210,4700,18680,270,2920,-8500,-5600,-42310,-10500,24030,-13470,-16950,4800,1140,-20710,-20320,-11000,-6740,-31670,-18110,-12580,14040,-25250,-25430,8160,-15490,-23060,-4450,12930,-31630,-11290,1950,-11960,-17550,-45950,-3090,-19810,-7090,-1040,-30230,1490,-17260,-21460,-21430,-14780,-22050,-22280,-12170,-9910,-23350,-18570,-21100,-17260,-19430,-13940,-7170,-12360,-22440
2023-12-10,-19340,-14720,-19470,-22910,-21060,-29620,-25890,22880,-32350,-12210,5190,19930,180,2920,-9000,-6500,-43010,-10120,23630,-13800,-17150,6320,1220,-21400,-20620,-11290,-6740,-32370,-18470,-12910,13640,-25650,-26430,7760,-15500,-23360,-4550,12230,-32230,-11590,1750,-11960,-16730,-46850,-3490,-19810,-7010,-1340,-30060,690,-17660,-21860,-21630,-14470,-22510,-22780,-12170,-8680,-22910,-19270,-21800,-17660,-20030,-13480,-7570,-12960,-21580
2023-12-16,-19740,-14700,-19240,-23510,-21060,-30320,-26390,22280,-32450,-10650,4790,19130,-320,2920,-9400,-5480,-43910,-11020,24520,-12680,-17650,5720,420,-21600,-17570,-10540,-7080,-31990,-19070,-13410,13040,-26050,-26810,6960,-16400,-22530,-5050,11630,-32500,-11830,1650,-12160,-17630,-47250,-3990,-10640,-7710,-1440,-30760,190,-17860,-21710,-21930,-14470,-22680,-23080,-12170,-7810,-23720,-19770,-22400,-18760,-20330,-14380,-7970,-13360,-21980
2023-12-17,-17750,-15460,-19550,-23910,-21660,-29530,-26790,22730,-32950,-10950,4510,18730,-820,2920,-10100,-6080,-44510,-11520,24320,-11910,-17980,5320,-380,-22200,-17770,-11440,-7000,-32790,-19700,-14110,12340,-26650,-27500,6930,-17000,-22830,-4150,15650,-33100,-12430,1150,-12360,-18430,-47640,-4590,-11040,-8410,-1940,-31560,420,-18240,-22210,-22130,-14770,-23480,-23280,-12170,-8010,-23810,-20070,-22700,-17050,-20930,-15080,-8070,-14260,-22380
2023-12-23,-18150,-16060,-19950,-24210,-22060,-30130,-26890,22030,-33550,-11050,4110,18130,-1020,2920,-10060,-5670,-44910,-12320,24220,-12340,-18120,5220,-880,-22300,-17870,-12240,-7130,-33190,-20400,-14410,13920,-27050,-27320,6730,-14800,-23130,-4450,15350,-33110,-12730,850,-12560,-18930,-47690,-4890,-9710,-9110,-2240,-32160,-280,-18390,-22510,-22330,-14870,-23880,-23380,-12170,-8210,-23770,-20570,-22800,-17350,-21030,-15580,-8270,-14040,-22480
2023-12-24,-18630,-16220,-20350,-24310,-22160,-30530,-26990,21530,-33180,-10420,4010,17630,-1420,2920,-10260,-5970,-45510,-12530,24020,-12840,-18520,4920,-980,-22800,-18070,-12040,-7430,-33240,-20900,-13800,13520,-27250,-27620,6230,-14210,-23530,-4650,15250,-33710,-12930,750,-12140,-19530,-48290,-5090,-9810,-9510,-2210,-32860,-480,-18790,-22710,-22730,-14080,-24380,-23880,-12570,-8610,-23990,-21070,-22300,-18150,-21030,-16280,-8470,-14940,-22480
2023-12-28,-18830,-16240,-20850,-23070,-22460,-31130,-27190,21030,-33380,-11020,3710,17030,-1520,2920,-10660,-6170,-46210,-13230,23920,-13440,-19020,4920,-1180,-23100,-18270,-12710,-7310,-34040,-17450,-14300,13320,-27650,-28220,5730,-15010,-23830,-4430,14950,-33750,-13230,650,-12440,-18050,-46820,-5090,-10210,-9910,-2310,-30210,-780,-18890,-22910,-23030,-14080,-23500,-24080,-12770,-8400,-24590,-21370,-22400,-18800,-21160,-16510,-8870,-15340,-22480
