name,騎乗数,勝利数,払戻,回収率%,収支
原優介,652,21,84960,130.3,19760
丸田恭介,392,12,43770,111.7,4570
今村聖奈,343,22,36700,107.0,2400
荻野極,635,62,65900,103.8,2400
和田陽希,329,11,34720,105.5,1820
岩田望来,671,95,68560,102.2,1460
藤岡佑介,359,49,37170,103.5,1270
松若風馬,519,24,52720,101.6,820
小崎綾也,346,16,34910,100.9,310
古川吉洋,483,27,48390,100.2,90
西村淳也,460,49,45450,98.8,-550
石田拓郎,374,14,35900,96.0,-1500
横山和生,583,77,56250,96.5,-2050
小林美駒,453,38,43060,95.1,-2240
斎藤新,625,38,59810,95.7,-2690
三浦皇成,565,53,53320,94.4,-3180
横山典弘,314,41,27620,88.0,-3780
秋山稔樹,341,11,27050,79.3,-7050
浜中俊,348,33,27570,79.2,-7230
角田大和,386,18,31260,81.0,-7340
酒井学,417,14,34350,82.4,-7350
松山弘平,836,128,76110,91.0,-7490
高杉吏麒,839,74,76410,91.1,-7490
石川裕紀人,473,28,38870,82.2,-8430
菊沢一樹,736,29,64960,88.3,-8640
舟山瑠泉,339,19,25170,74.2,-8730
田山旺佑,345,16,25640,74.3,-8860
吉田隼人,308,12,21730,70.6,-9070
池添謙一,400,37,30630,76.6,-9370
松本大輝,349,24,24040,68.9,-10860
北村友一,594,73,48380,81.4,-11020
岩田康誠,502,43,36660,73.0,-13540
ルメール,521,140,38400,73.7,-13700
津村明秀,665,51,52660,79.2,-13840
大野拓弥,533,35,39290,73.7,-14010
杉原誠人,411,19,26890,65.4,-14210
幸英明,578,40,43520,75.3,-14280
川田将雅,507,105,36150,71.3,-14550
石橋脩,392,21,24380,62.2,-14820
横山琉人,508,27,35720,70.3,-15080
長浜鴻緒,482,22,33090,68.7,-15110
横山武史,774,110,62150,80.3,-15250
田口貫太,775,36,61950,79.9,-15550
小沢大仁,643,32,47730,74.2,-16570
古川奈穂,305,14,12620,41.4,-17880
石神深道,462,18,27930,60.5,-18270
吉村誠之助,889,66,70320,79.1,-18580
野中悠太郎,305,5,11460,37.6,-19040
木幡巧也,676,26,48080,71.1,-19520
武豊,575,72,37570,65.3,-19930
坂井瑠星,690,110,48390,70.1,-20610
西塚洸二,398,23,18460,46.4,-21340
柴田大知,371,7,15740,42.4,-21360
武藤雅,345,16,13070,37.9,-21430
江田照男,306,3,8440,27.6,-22160
団野大成,727,68,49590,68.2,-23110
吉田豊,427,18,18380,43.0,-24320
柴田裕一郎,370,10,12390,33.5,-24610
黛弘人,332,5,8450,25.5,-24750
内田博幸,584,21,33230,56.9,-25170
松岡正海,437,10,16850,38.6,-26850
鮫島克駿,787,67,51540,65.5,-27160
佐々木大輔,873,81,59950,68.7,-27350
菱田裕二,533,23,25930,48.6,-27370
遠藤汰月,311,5,2730,8.8,-28370
和田竜二,516,19,22520,43.6,-29080
菅原明良,727,63,43400,59.7,-29300
丸山元気,506,33,20870,41.2,-29730
丹内祐次,1007,95,70020,69.5,-30680
永島まな,467,19,14970,32.1,-31730
戸崎圭太,805,132,48440,60.2,-32060
