戦略,購入点数,投資,払戻,収支,回収率%,的中率%,最大連敗,最高配当,人気,券種
1番人気の単勝,3426,342600,265950,-76650,77.6,33.0,16,570,1,単勝
1番人気の複勝,3355,335500,280880,-54620,83.7,64.5,8,270,1,複勝
2番人気の単勝,3426,342600,290910,-51690,84.9,21.1,40,1440,2,単勝
2番人気の複勝,3355,335500,289960,-45540,86.4,52.9,9,860,2,複勝
3番人気の単勝,3426,342600,262040,-80560,76.5,13.0,65,1420,3,単勝
3番人気の複勝,3355,335500,264460,-71040,78.8,40.1,18,970,3,複勝
4番人気の単勝,3426,342600,221960,-120640,64.8,8.0,62,2510,4,単勝
4番人気の複勝,3355,335500,262080,-73420,78.1,33.0,17,1780,4,複勝
5番人気の単勝,3426,342600,279080,-63520,81.5,7.2,97,2950,5,単勝
5番人気の複勝,3355,335500,248780,-86720,74.2,25.5,25,1300,5,複勝
6番人気の単勝,3412,341200,232750,-108450,68.2,4.6,105,3650,6,単勝
6番人気の複勝,3341,334100,258250,-75850,77.3,21.2,25,1520,6,複勝
7番人気の単勝,3384,338400,263250,-75150,77.8,4.0,138,5180,7,単勝
7番人気の複勝,3313,331300,253630,-77670,76.6,16.9,38,2700,7,複勝
8番人気の単勝,3322,332200,292790,-39410,88.1,3.1,152,11920,8,単勝
8番人気の複勝,3251,325100,224710,-100390,69.1,12.4,40,2540,8,複勝
9番人気の単勝,3206,320600,281410,-39190,87.8,2.4,164,10410,9,単勝
9番人気の複勝,3136,313600,233760,-79840,74.5,10.1,51,2120,9,複勝
10番人気の単勝,3047,304700,207440,-97260,68.1,1.6,186,8850,10,単勝
10番人気の複勝,2980,298000,202470,-95530,67.9,8.3,89,3470,10,複勝
11番人気の単勝,2867,286700,175660,-111040,61.3,1.0,407,17040,11,単勝
11番人気の複勝,2805,280500,186630,-93870,66.5,6.3,100,2650,11,複勝
12番人気の単勝,2669,266900,153210,-113690,57.4,0.9,591,10270,12,単勝
12番人気の複勝,2610,261000,173160,-87840,66.3,5.2,122,3400,12,複勝
13番人気の単勝,2397,239700,91630,-148070,38.2,0.5,459,11170,13,単勝
13番人気の複勝,2339,233900,121440,-112460,51.9,3.1,125,4070,13,複勝
14番人気の単勝,2136,213600,109960,-103640,51.5,0.5,469,20720,14,単勝
14番人気の複勝,2084,208400,107360,-101040,51.5,2.4,153,7040,14,複勝
15番人気の単勝,1777,177700,140940,-36760,79.3,0.5,475,27990,15,単勝
15番人気の複勝,1731,173100,69180,-103920,40.0,1.8,207,4390,15,複勝
16番人気の単勝,1431,143100,118990,-24110,83.2,0.3,583,34740,16,単勝
16番人気の複勝,1393,139300,74260,-65040,53.3,1.6,247,7500,16,複勝
17番人気の単勝,309,30900,0,-30900,0.0,0.0,309,0,17,単勝
17番人気の複勝,300,30000,15030,-14970,50.1,0.7,171,8880,17,複勝
18番人気の単勝,239,23900,0,-23900,0.0,0.0,239,0,18,単勝
18番人気の複勝,231,23100,4200,-18900,18.2,0.4,142,4200,18,複勝
