戦略,購入点数,投資,払戻,収支,回収率%,的中率%,最大連敗,最高配当,騎手,平均人気,勝利数
原優介騎手の単勝を全部,642,64200,84960,20760,132.3,3.3,105,27990,原優介,9.4,21
丸田恭介騎手の単勝を全部,386,38600,43770,5170,113.4,3.1,59,21190,丸田恭介,10.1,12
今村聖奈騎手の単勝を全部,338,33800,36700,2900,108.6,6.5,41,10690,今村聖奈,8.2,22
和田陽希騎手の単勝を全部,329,32900,34720,1820,105.5,3.3,86,13760,和田陽希,9.8,11
藤岡佑介騎手の単勝を全部,359,35900,37170,1270,103.5,13.6,28,5700,藤岡佑介,5.9,49
松若風馬騎手の単勝を全部,514,51400,52720,1320,102.6,4.7,70,22340,松若風馬,8.8,24
小崎綾也騎手の単勝を全部,341,34100,34910,810,102.4,4.7,57,10300,小崎綾也,9.5,16
岩田望来騎手の単勝を全部,671,67100,68560,1460,102.2,14.2,26,6050,岩田望来,5.0,95
荻野極騎手の単勝を全部,630,63000,64000,1000,101.6,9.5,64,7870,荻野極,6.9,60
古川吉洋騎手の単勝を全部,483,48300,48390,90,100.2,5.6,59,24620,古川吉洋,8.9,27
西村淳也騎手の単勝を全部,460,46000,45450,-550,98.8,10.7,32,7240,西村淳也,5.3,49
石田拓郎騎手の単勝を全部,368,36800,35900,-900,97.6,3.8,91,20570,石田拓郎,10.7,14
横山和生騎手の単勝を全部,583,58300,56250,-2050,96.5,13.2,26,19510,横山和生,5.3,77
斎藤新騎手の単勝を全部,625,62500,59810,-2690,95.7,6.1,60,10070,斎藤新,7.9,38
三浦皇成騎手の単勝を全部,565,56500,53320,-3180,94.4,9.4,39,5240,三浦皇成,5.3,53
小林美駒騎手の単勝を全部,452,45200,42250,-2950,93.5,8.2,33,7000,小林美駒,7.2,37
高杉吏麒騎手の単勝を全部,828,82800,75360,-7440,91.0,8.8,53,7610,高杉吏麒,6.8,73
松山弘平騎手の単勝を全部,826,82600,74790,-7810,90.5,15.3,35,5570,松山弘平,4.2,126
菊沢一樹騎手の単勝を全部,730,73000,64960,-8040,89.0,4.0,74,20720,菊沢一樹,9.0,29
横山典弘騎手の単勝を全部,311,31100,27620,-3480,88.8,13.2,29,2560,横山典弘,5.7,41
酒井学騎手の単勝を全部,410,41000,34350,-6650,83.8,3.4,139,11650,酒井学,9.2,14
角田大和騎手の単勝を全部,382,38200,31260,-6940,81.8,4.7,77,9190,角田大和,8.6,18
田口貫太騎手の単勝を全部,765,76500,61950,-14550,81.0,4.7,94,17040,田口貫太,8.5,36
北村友一騎手の単勝を全部,594,59400,48020,-11380,80.8,12.1,32,4720,北村友一,5.8,72
秋山稔樹騎手の単勝を全部,336,33600,27050,-6550,80.5,3.3,57,9430,秋山稔樹,9.6,11
横山武史騎手の単勝を全部,774,77400,62150,-15250,80.3,14.2,47,4160,横山武史,4.0,110
津村明秀騎手の単勝を全部,657,65700,52660,-13040,80.2,7.8,69,6580,津村明秀,6.6,51
浜中俊騎手の単勝を全部,348,34800,27570,-7230,79.2,9.5,34,3920,浜中俊,6.0,33
吉村誠之騎手の単勝を全部,889,88900,70320,-18580,79.1,7.4,56,15630,吉村誠之,6.6,66
池添謙一騎手の単勝を全部,400,40000,30630,-9370,76.6,9.2,42,5010,池添謙一,7.3,37
田山旺佑騎手の単勝を全部,339,33900,25640,-8260,75.6,4.7,58,4010,田山旺佑,9.7,16
小沢大仁騎手の単勝を全部,637,63700,47730,-15970,74.9,5.0,160,11170,小沢大仁,8.1,32
大野拓弥騎手の単勝を全部,529,52900,39290,-13610,74.3,6.6,68,9410,大野拓弥,7.8,35
ルメール騎手の単勝を全部,513,51300,38000,-13300,74.1,26.9,26,900,ルメール,2.1,138
幸英明騎手の単勝を全部,568,56800,41810,-14990,73.6,6.5,54,6090,幸英明,7.6,37
岩田康誠騎手の単勝を全部,502,50200,36660,-13540,73.0,8.6,37,3480,岩田康誠,6.6,43
横山琉人騎手の単勝を全部,499,49900,35720,-14180,71.6,5.4,92,5410,横山琉人,9.2,27
木幡巧也騎手の単勝を全部,676,67600,48080,-19520,71.1,3.8,131,9670,木幡巧也,9.3,26
吉田隼人騎手の単勝を全部,308,30800,21730,-9070,70.6,3.9,82,5070,吉田隼人,8.0,12
川田将雅騎手の単勝を全部,501,50100,35020,-15080,69.9,20.4,20,1940,川田将雅,2.3,102
坂井瑠星騎手の単勝を全部,681,68100,47520,-20580,69.8,15.9,28,1990,坂井瑠星,3.9,108
丹内祐次騎手の単勝を全部,1007,100700,70020,-30680,69.5,9.4,49,7910,丹内祐次,5.7,95
松本大輝騎手の単勝を全部,349,34900,24040,-10860,68.9,6.9,43,3540,松本大輝,9.3,24
長浜鴻緒騎手の単勝を全部,481,48100,33090,-15010,68.8,4.6,76,6140,長浜鴻緒,9.1,22
佐々木大騎手の単勝を全部,872,87200,59950,-27250,68.8,9.3,62,4080,佐々木大,6.4,81
団野大成騎手の単勝を全部,717,71700,49010,-22690,68.4,9.3,31,2440,団野大成,6.4,67
石川裕紀騎手の単勝を全部,468,46800,31250,-15550,66.8,5.8,56,5090,石川裕紀,7.9,27
杉原誠人騎手の単勝を全部,408,40800,26890,-13910,65.9,4.7,44,7510,杉原誠人,9.3,19
鮫島克駿騎手の単勝を全部,787,78700,51540,-27160,65.5,8.5,69,6350,鮫島克駿,6.1,67
武豊騎手の単勝を全部,575,57500,37570,-19930,65.3,12.5,27,3640,武豊,3.9,72
石橋脩騎手の単勝を全部,388,38800,24380,-14420,62.8,5.4,48,4020,石橋脩,8.8,21
石神深道騎手の単勝を全部,456,45600,27930,-17670,61.3,3.9,88,6950,石神深道,9.3,18
戸崎圭太騎手の単勝を全部,795,79500,48130,-31370,60.5,16.5,23,2180,戸崎圭太,3.3,131
菅原明良騎手の単勝を全部,723,72300,43400,-28900,60.0,8.7,50,6590,菅原明良,6.3,63
舟山瑠泉騎手の単勝を全部,336,33600,19850,-13750,59.1,5.4,61,7230,舟山瑠泉,8.6,18
内田博幸騎手の単勝を全部,575,57500,33230,-24270,57.8,3.7,97,9730,内田博幸,9.1,21
菱田裕二騎手の単勝を全部,533,53300,25930,-27370,48.6,4.3,61,4000,菱田裕二,8.6,23
西塚洸二騎手の単勝を全部,391,39100,18460,-20640,47.2,5.9,62,2490,西塚洸二,8.8,23
和田竜二騎手の単勝を全部,516,51600,22520,-29080,43.6,3.7,80,5180,和田竜二,8.1,19
吉田豊騎手の単勝を全部,423,42300,18380,-23920,43.5,4.3,62,3580,吉田豊,8.6,18
柴田大知騎手の単勝を全部,368,36800,15740,-21060,42.8,1.9,107,8980,柴田大知,11.3,7
古川奈穂騎手の単勝を全部,305,30500,12620,-17880,41.4,4.6,50,3150,古川奈穂,9.3,14
丸山元気騎手の単勝を全部,500,50000,20630,-29370,41.3,6.4,46,1600,丸山元気,7.5,32
松岡正海騎手の単勝を全部,434,43400,16850,-26550,38.8,2.3,102,4120,松岡正海,8.9,10
武藤雅騎手の単勝を全部,340,34000,13070,-20930,38.4,4.7,44,2680,武藤雅,9.9,16
野中悠太騎手の単勝を全部,300,30000,11460,-18540,38.2,1.7,80,4700,野中悠太,11.0,5
柴田裕一騎手の単勝を全部,370,37000,12390,-24610,33.5,2.7,82,4300,柴田裕一,10.3,10
永島まな騎手の単勝を全部,459,45900,14970,-30930,32.6,4.1,46,2970,永島まな,9.1,19
江田照男騎手の単勝を全部,301,30100,8440,-21660,28.0,1.0,125,6710,江田照男,10.5,3
黛弘人騎手の単勝を全部,332,33200,8450,-24750,25.5,1.5,185,3560,黛弘人,10.2,5
遠藤汰月騎手の単勝を全部,307,30700,2020,-28680,6.6,1.0,162,1250,遠藤汰月,11.5,3
