戦略,購入点数,投資,払戻,収支,回収率%,的中率%,最大連敗,最高配当,馬番
毎レース1番の単勝,3341,334100,222230,-111870,66.5,7.5,91,9790,1
毎レース2番の単勝,3343,334300,236970,-97330,70.9,7.2,66,13760,2
毎レース3番の単勝,3347,334700,263260,-71440,78.7,7.6,81,14780,3
毎レース4番の単勝,3340,334000,271050,-62950,81.2,8.3,53,25740,4
毎レース5番の単勝,3342,334200,171740,-162460,51.4,6.9,65,6350,5
毎レース6番の単勝,3332,333200,286510,-46690,86.0,8.1,82,10410,6
毎レース7番の単勝,3306,330600,208680,-121920,63.1,7.2,90,22340,7
毎レース8番の単勝,3245,324500,225850,-98650,69.6,7.9,78,34740,8
毎レース9番の単勝,3128,312800,215900,-96900,69.0,7.3,60,20570,9
毎レース10番の単勝,2978,297800,224380,-73420,75.3,7.3,112,8980,10
毎レース11番の単勝,2796,279600,190420,-89180,68.1,7.0,78,27990,11
毎レース12番の単勝,2617,261700,203420,-58280,77.7,6.5,86,20720,12
毎レース13番の単勝,2342,234200,141150,-93050,60.3,5.9,80,6750,13
毎レース14番の単勝,2098,209800,158690,-51110,75.6,6.5,63,21190,14
毎レース15番の単勝,1743,174300,121170,-53130,69.5,7.0,66,10300,15
毎レース16番の単勝,1436,143600,142750,-850,99.4,7.5,64,24430,16
毎レース17番の単勝,301,30100,16110,-13990,53.5,5.6,52,3560,17
毎レース18番の単勝,254,25400,14680,-10720,57.8,3.9,69,3710,18
