誕生日,月,日,購入点数,戦略,投資,払戻,収支,回収率%,的中率%,最大連敗,最高配当
1/1,1,1,0,,,,,,,,
1/2,1,2,3329,1月2日生まれ：1-2の馬連,332900.0,200860.0,-132040.0,60.3,1.7,238.0,27810.0
1/3,1,3,3333,1月3日生まれ：1-3の馬連,333300.0,213880.0,-119420.0,64.2,1.1,231.0,51340.0
1/4,1,4,3326,1月4日生まれ：1-4の馬連,332600.0,269900.0,-62700.0,81.1,1.6,268.0,100020.0
1/5,1,5,3328,1月5日生まれ：1-5の馬連,332800.0,231310.0,-101490.0,69.5,1.7,361.0,33720.0
1/6,1,6,3318,1月6日生まれ：1-6の馬連,331800.0,167310.0,-164490.0,50.4,1.6,182.0,30250.0
1/7,1,7,3292,1月7日生まれ：1-7の馬連,329200.0,161890.0,-167310.0,49.2,1.2,439.0,18480.0
1/8,1,8,3231,1月8日生まれ：1-8の馬連,323100.0,111560.0,-211540.0,34.5,1.1,481.0,15980.0
1/9,1,9,3115,1月9日生まれ：1-9の馬連,311500.0,245790.0,-65710.0,78.9,1.3,278.0,37050.0
1/10,1,10,2966,1月10日生まれ：1-10の馬連,296600.0,101580.0,-195020.0,34.2,1.2,442.0,13410.0
1/11,1,11,2784,1月11日生まれ：1-11の馬連,278400.0,191470.0,-86930.0,68.8,0.9,420.0,60200.0
1/12,1,12,2606,1月12日生まれ：1-12の馬連,260600.0,175170.0,-85430.0,67.2,1.0,387.0,84090.0
1/13,1,13,2331,1月13日生まれ：1-13の馬連,233100.0,141540.0,-91560.0,60.7,0.6,479.0,39630.0
1/14,1,14,2088,1月14日生まれ：1-14の馬連,208800.0,187460.0,-21340.0,89.8,0.7,710.0,74200.0
1/15,1,15,1737,1月15日生まれ：1-15の馬連,173700.0,51270.0,-122430.0,29.5,0.8,496.0,25510.0
1/16,1,16,1430,1月16日生まれ：1-16の馬連,143000.0,100860.0,-42140.0,70.5,0.9,262.0,47280.0
1/17,1,17,301,1月17日生まれ：1-17の馬連,30100.0,4080.0,-26020.0,13.6,0.3,179.0,4080.0
1/18,1,18,254,1月18日生まれ：1-18の馬連,25400.0,30360.0,4960.0,119.5,1.2,114.0,18400.0
1/19,1,19,0,,,,,,,,
1/20,1,20,0,,,,,,,,
1/21,1,21,0,,,,,,,,
1/22,1,22,0,,,,,,,,
1/23,1,23,0,,,,,,,,
1/24,1,24,0,,,,,,,,
1/25,1,25,0,,,,,,,,
1/26,1,26,0,,,,,,,,
1/27,1,27,0,,,,,,,,
1/28,1,28,0,,,,,,,,
1/29,1,29,0,,,,,,,,
1/30,1,30,0,,,,,,,,
1/31,1,31,0,,,,,,,,
2/1,2,1,3329,2月1日生まれ：1-2の馬連,332900.0,200860.0,-132040.0,60.3,1.7,238.0,27810.0
2/2,2,2,0,,,,,,,,
2/3,2,3,3335,2月3日生まれ：2-3の馬連,333500.0,126930.0,-206570.0,38.1,1.6,301.0,11570.0
2/4,2,4,3328,2月4日生まれ：2-4の馬連,332800.0,153500.0,-179300.0,46.1,1.7,198.0,30160.0
2/5,2,5,3330,2月5日生まれ：2-5の馬連,333000.0,166810.0,-166190.0,50.1,1.7,273.0,35360.0
2/6,2,6,3320,2月6日生まれ：2-6の馬連,332000.0,151730.0,-180270.0,45.7,1.3,243.0,24890.0
2/7,2,7,3294,2月7日生まれ：2-7の馬連,329400.0,186150.0,-143250.0,56.5,1.3,346.0,60390.0
2/8,2,8,3233,2月8日生まれ：2-8の馬連,323300.0,57610.0,-265690.0,17.8,1.2,488.0,5290.0
2/9,2,9,3118,2月9日生まれ：2-9の馬連,311800.0,170340.0,-141460.0,54.6,1.0,400.0,38710.0
2/10,2,10,2968,2月10日生まれ：2-10の馬連,296800.0,114050.0,-182750.0,38.4,0.6,444.0,36850.0
2/11,2,11,2787,2月11日生まれ：2-11の馬連,278700.0,169550.0,-109150.0,60.8,1.0,284.0,36430.0
2/12,2,12,2610,2月12日生まれ：2-12の馬連,261000.0,137930.0,-123070.0,52.8,1.0,281.0,35970.0
2/13,2,13,2336,2月13日生まれ：2-13の馬連,233600.0,47160.0,-186440.0,20.2,0.5,699.0,15710.0
2/14,2,14,2093,2月14日生まれ：2-14の馬連,209300.0,483730.0,274430.0,231.1,1.0,532.0,186050.0
2/15,2,15,1739,2月15日生まれ：2-15の馬連,173900.0,102110.0,-71790.0,58.7,0.9,403.0,38800.0
2/16,2,16,1432,2月16日生まれ：2-16の馬連,143200.0,70040.0,-73160.0,48.9,1.1,314.0,35060.0
2/17,2,17,299,2月17日生まれ：2-17の馬連,29900.0,0.0,-29900.0,0.0,0.0,299.0,0.0
2/18,2,18,252,2月18日生まれ：2-18の馬連,25200.0,291690.0,266490.0,1157.5,1.6,114.0,280380.0
2/19,2,19,0,,,,,,,,
2/20,2,20,0,,,,,,,,
2/21,2,21,0,,,,,,,,
2/22,2,22,0,,,,,,,,
2/23,2,23,0,,,,,,,,
2/24,2,24,0,,,,,,,,
2/25,2,25,0,,,,,,,,
2/26,2,26,0,,,,,,,,
2/27,2,27,0,,,,,,,,
2/28,2,28,0,,,,,,,,
2/29,2,29,0,,,,,,,,
3/1,3,1,3333,3月1日生まれ：1-3の馬連,333300.0,213880.0,-119420.0,64.2,1.1,231.0,51340.0
3/2,3,2,3335,3月2日生まれ：2-3の馬連,333500.0,126930.0,-206570.0,38.1,1.6,301.0,11570.0
3/3,3,3,0,,,,,,,,
3/4,3,4,3333,3月4日生まれ：3-4の馬連,333300.0,187850.0,-145450.0,56.4,1.4,213.0,42400.0
3/5,3,5,3334,3月5日生まれ：3-5の馬連,333400.0,135550.0,-197850.0,40.7,1.3,270.0,48060.0
3/6,3,6,3324,3月6日生まれ：3-6の馬連,332400.0,335840.0,3440.0,101.0,1.4,325.0,86480.0
3/7,3,7,3298,3月7日生まれ：3-7の馬連,329800.0,237080.0,-92720.0,71.9,1.2,385.0,141000.0
3/8,3,8,3237,3月8日生まれ：3-8の馬連,323700.0,363160.0,39460.0,112.2,1.5,289.0,119860.0
3/9,3,9,3120,3月9日生まれ：3-9の馬連,312000.0,84180.0,-227820.0,27.0,1.0,221.0,11960.0
3/10,3,10,2971,3月10日生まれ：3-10の馬連,297100.0,132050.0,-165050.0,44.4,0.8,356.0,41560.0
3/11,3,11,2789,3月11日生まれ：3-11の馬連,278900.0,174400.0,-104500.0,62.5,0.9,374.0,26760.0
3/12,3,12,2612,3月12日生まれ：3-12の馬連,261200.0,94270.0,-166930.0,36.1,1.1,405.0,38130.0
3/13,3,13,2337,3月13日生まれ：3-13の馬連,233700.0,119670.0,-114030.0,51.2,0.7,514.0,23000.0
3/14,3,14,2095,3月14日生まれ：3-14の馬連,209500.0,130200.0,-79300.0,62.1,0.9,503.0,81390.0
3/15,3,15,1741,3月15日生まれ：3-15の馬連,174100.0,119640.0,-54460.0,68.7,0.7,281.0,43180.0
3/16,3,16,1435,3月16日生まれ：3-16の馬連,143500.0,100250.0,-43250.0,69.9,0.8,324.0,37210.0
3/17,3,17,301,3月17日生まれ：3-17の馬連,30100.0,19210.0,-10890.0,63.8,0.7,147.0,18220.0
3/18,3,18,254,3月18日生まれ：3-18の馬連,25400.0,0.0,-25400.0,0.0,0.0,254.0,0.0
3/19,3,19,0,,,,,,,,
3/20,3,20,0,,,,,,,,
3/21,3,21,0,,,,,,,,
3/22,3,22,0,,,,,,,,
3/23,3,23,0,,,,,,,,
3/24,3,24,0,,,,,,,,
3/25,3,25,0,,,,,,,,
3/26,3,26,0,,,,,,,,
3/27,3,27,0,,,,,,,,
3/28,3,28,0,,,,,,,,
3/29,3,29,0,,,,,,,,
3/30,3,30,0,,,,,,,,
3/31,3,31,0,,,,,,,,
4/1,4,1,3326,4月1日生まれ：1-4の馬連,332600.0,269900.0,-62700.0,81.1,1.6,268.0,100020.0
4/2,4,2,3328,4月2日生まれ：2-4の馬連,332800.0,153500.0,-179300.0,46.1,1.7,198.0,30160.0
4/3,4,3,3333,4月3日生まれ：3-4の馬連,333300.0,187850.0,-145450.0,56.4,1.4,213.0,42400.0
4/4,4,4,0,,,,,,,,
4/5,4,5,3327,4月5日生まれ：4-5の馬連,332700.0,141330.0,-191370.0,42.5,1.5,386.0,32100.0
4/6,4,6,3317,4月6日生まれ：4-6の馬連,331700.0,132850.0,-198850.0,40.1,1.3,405.0,20450.0
4/7,4,7,3291,4月7日生まれ：4-7の馬連,329100.0,108930.0,-220170.0,33.1,0.9,349.0,28340.0
4/8,4,8,3230,4月8日生まれ：4-8の馬連,323000.0,150510.0,-172490.0,46.6,1.5,233.0,27450.0
4/9,4,9,3114,4月9日生まれ：4-9の馬連,311400.0,120720.0,-190680.0,38.8,1.2,363.0,58970.0
4/10,4,10,2964,4月10日生まれ：4-10の馬連,296400.0,201860.0,-94540.0,68.1,1.3,367.0,43660.0
4/11,4,11,2783,4月11日生まれ：4-11の馬連,278300.0,173090.0,-105210.0,62.2,1.1,297.0,50100.0
4/12,4,12,2605,4月12日生まれ：4-12の馬連,260500.0,84750.0,-175750.0,32.5,0.9,481.0,24720.0
4/13,4,13,2330,4月13日生まれ：4-13の馬連,233000.0,63310.0,-169690.0,27.2,0.7,302.0,20930.0
4/14,4,14,2089,4月14日生まれ：4-14の馬連,208900.0,124590.0,-84310.0,59.6,0.8,465.0,76820.0
4/15,4,15,1734,4月15日生まれ：4-15の馬連,173400.0,41850.0,-131550.0,24.1,0.6,643.0,20400.0
4/16,4,16,1431,4月16日生まれ：4-16の馬連,143100.0,65060.0,-78040.0,45.5,1.3,205.0,14950.0
4/17,4,17,298,4月17日生まれ：4-17の馬連,29800.0,9190.0,-20610.0,30.8,0.3,226.0,9190.0
4/18,4,18,251,4月18日生まれ：4-18の馬連,25100.0,7320.0,-17780.0,29.2,0.8,170.0,6220.0
4/19,4,19,0,,,,,,,,
4/20,4,20,0,,,,,,,,
4/21,4,21,0,,,,,,,,
4/22,4,22,0,,,,,,,,
4/23,4,23,0,,,,,,,,
4/24,4,24,0,,,,,,,,
4/25,4,25,0,,,,,,,,
4/26,4,26,0,,,,,,,,
4/27,4,27,0,,,,,,,,
4/28,4,28,0,,,,,,,,
4/29,4,29,0,,,,,,,,
4/30,4,30,0,,,,,,,,
5/1,5,1,3328,5月1日生まれ：1-5の馬連,332800.0,231310.0,-101490.0,69.5,1.7,361.0,33720.0
5/2,5,2,3330,5月2日生まれ：2-5の馬連,333000.0,166810.0,-166190.0,50.1,1.7,273.0,35360.0
5/3,5,3,3334,5月3日生まれ：3-5の馬連,333400.0,135550.0,-197850.0,40.7,1.3,270.0,48060.0
5/4,5,4,3327,5月4日生まれ：4-5の馬連,332700.0,141330.0,-191370.0,42.5,1.5,386.0,32100.0
5/5,5,5,0,,,,,,,,
5/6,5,6,3320,5月6日生まれ：5-6の馬連,332000.0,219540.0,-112460.0,66.1,1.8,358.0,30310.0
5/7,5,7,3293,5月7日生まれ：5-7の馬連,329300.0,136330.0,-192970.0,41.4,1.1,357.0,34400.0
5/8,5,8,3233,5月8日生まれ：5-8の馬連,323300.0,146400.0,-176900.0,45.3,1.3,245.0,17870.0
5/9,5,9,3117,5月9日生まれ：5-9の馬連,311700.0,184820.0,-126880.0,59.3,1.1,387.0,44730.0
5/10,5,10,2967,5月10日生まれ：5-10の馬連,296700.0,227590.0,-69110.0,76.7,1.2,373.0,54010.0
5/11,5,11,2787,5月11日生まれ：5-11の馬連,278700.0,114050.0,-164650.0,40.9,0.7,380.0,55710.0
5/12,5,12,2609,5月12日生まれ：5-12の馬連,260900.0,39070.0,-221830.0,15.0,0.5,623.0,9920.0
5/13,5,13,2336,5月13日生まれ：5-13の馬連,233600.0,131340.0,-102260.0,56.2,1.0,259.0,31590.0
5/14,5,14,2094,5月14日生まれ：5-14の馬連,209400.0,98630.0,-110770.0,47.1,0.9,350.0,35820.0
5/15,5,15,1739,5月15日生まれ：5-15の馬連,173900.0,73920.0,-99980.0,42.5,0.5,804.0,48430.0
5/16,5,16,1433,5月16日生まれ：5-16の馬連,143300.0,41350.0,-101950.0,28.9,0.8,428.0,11820.0
5/17,5,17,301,5月17日生まれ：5-17の馬連,30100.0,0.0,-30100.0,0.0,0.0,301.0,0.0
5/18,5,18,254,5月18日生まれ：5-18の馬連,25400.0,33770.0,8370.0,133.0,0.8,120.0,28430.0
5/19,5,19,0,,,,,,,,
5/20,5,20,0,,,,,,,,
5/21,5,21,0,,,,,,,,
5/22,5,22,0,,,,,,,,
5/23,5,23,0,,,,,,,,
5/24,5,24,0,,,,,,,,
5/25,5,25,0,,,,,,,,
5/26,5,26,0,,,,,,,,
5/27,5,27,0,,,,,,,,
5/28,5,28,0,,,,,,,,
5/29,5,29,0,,,,,,,,
5/30,5,30,0,,,,,,,,
5/31,5,31,0,,,,,,,,
6/1,6,1,3318,6月1日生まれ：1-6の馬連,331800.0,167310.0,-164490.0,50.4,1.6,182.0,30250.0
6/2,6,2,3320,6月2日生まれ：2-6の馬連,332000.0,151730.0,-180270.0,45.7,1.3,243.0,24890.0
6/3,6,3,3324,6月3日生まれ：3-6の馬連,332400.0,335840.0,3440.0,101.0,1.4,325.0,86480.0
6/4,6,4,3317,6月4日生まれ：4-6の馬連,331700.0,132850.0,-198850.0,40.1,1.3,405.0,20450.0
6/5,6,5,3320,6月5日生まれ：5-6の馬連,332000.0,219540.0,-112460.0,66.1,1.8,358.0,30310.0
6/6,6,6,0,,,,,,,,
6/7,6,7,3297,6月7日生まれ：6-7の馬連,329700.0,132610.0,-197090.0,40.2,1.3,335.0,23340.0
6/8,6,8,3237,6月8日生まれ：6-8の馬連,323700.0,175630.0,-148070.0,54.3,1.2,320.0,47570.0
6/9,6,9,3120,6月9日生まれ：6-9の馬連,312000.0,235190.0,-76810.0,75.4,1.4,303.0,77490.0
6/10,6,10,2970,6月10日生まれ：6-10の馬連,297000.0,456900.0,159900.0,153.8,1.2,476.0,159740.0
6/11,6,11,2788,6月11日生まれ：6-11の馬連,278800.0,182920.0,-95880.0,65.6,1.0,348.0,96540.0
6/12,6,12,2610,6月12日生まれ：6-12の馬連,261000.0,398980.0,137980.0,152.9,0.9,468.0,278580.0
6/13,6,13,2335,6月13日生まれ：6-13の馬連,233500.0,127560.0,-105940.0,54.6,0.8,430.0,49730.0
6/14,6,14,2091,6月14日生まれ：6-14の馬連,209100.0,266030.0,56930.0,127.2,1.2,276.0,54190.0
6/15,6,15,1737,6月15日生まれ：6-15の馬連,173700.0,65060.0,-108640.0,37.5,1.0,195.0,22270.0
6/16,6,16,1430,6月16日生まれ：6-16の馬連,143000.0,296020.0,153020.0,207.0,0.8,283.0,254800.0
6/17,6,17,297,6月17日生まれ：6-17の馬連,29700.0,26390.0,-3310.0,88.9,1.0,120.0,9480.0
6/18,6,18,251,6月18日生まれ：6-18の馬連,25100.0,20530.0,-4570.0,81.8,1.2,82.0,14380.0
6/19,6,19,0,,,,,,,,
6/20,6,20,0,,,,,,,,
6/21,6,21,0,,,,,,,,
6/22,6,22,0,,,,,,,,
6/23,6,23,0,,,,,,,,
6/24,6,24,0,,,,,,,,
6/25,6,25,0,,,,,,,,
6/26,6,26,0,,,,,,,,
6/27,6,27,0,,,,,,,,
6/28,6,28,0,,,,,,,,
6/29,6,29,0,,,,,,,,
6/30,6,30,0,,,,,,,,
7/1,7,1,3292,7月1日生まれ：1-7の馬連,329200.0,161890.0,-167310.0,49.2,1.2,439.0,18480.0
7/2,7,2,3294,7月2日生まれ：2-7の馬連,329400.0,186150.0,-143250.0,56.5,1.3,346.0,60390.0
7/3,7,3,3298,7月3日生まれ：3-7の馬連,329800.0,237080.0,-92720.0,71.9,1.2,385.0,141000.0
7/4,7,4,3291,7月4日生まれ：4-7の馬連,329100.0,108930.0,-220170.0,33.1,0.9,349.0,28340.0
7/5,7,5,3293,7月5日生まれ：5-7の馬連,329300.0,136330.0,-192970.0,41.4,1.1,357.0,34400.0
7/6,7,6,3297,7月6日生まれ：6-7の馬連,329700.0,132610.0,-197090.0,40.2,1.3,335.0,23340.0
7/7,7,7,0,,,,,,,,
7/8,7,8,3236,7月8日生まれ：7-8の馬連,323600.0,205680.0,-117920.0,63.6,1.2,361.0,76820.0
7/9,7,9,3119,7月9日生まれ：7-9の馬連,311900.0,85550.0,-226350.0,27.4,0.8,402.0,14910.0
7/10,7,10,2969,7月10日生まれ：7-10の馬連,296900.0,79750.0,-217150.0,26.9,0.7,380.0,19250.0
7/11,7,11,2789,7月11日生まれ：7-11の馬連,278900.0,91480.0,-187420.0,32.8,0.9,378.0,16640.0
7/12,7,12,2610,7月12日生まれ：7-12の馬連,261000.0,148720.0,-112280.0,57.0,1.1,299.0,37480.0
7/13,7,13,2337,7月13日生まれ：7-13の馬連,233700.0,56600.0,-177100.0,24.2,0.8,443.0,21740.0
7/14,7,14,2093,7月14日生まれ：7-14の馬連,209300.0,207870.0,-1430.0,99.3,0.7,491.0,115250.0
7/15,7,15,1738,7月15日生まれ：7-15の馬連,173800.0,100670.0,-73130.0,57.9,0.5,574.0,47460.0
7/16,7,16,1431,7月16日生まれ：7-16の馬連,143100.0,185040.0,41940.0,129.3,1.0,337.0,152360.0
7/17,7,17,299,7月17日生まれ：7-17の馬連,29900.0,2950.0,-26950.0,9.9,0.7,173.0,2390.0
7/18,7,18,252,7月18日生まれ：7-18の馬連,25200.0,10420.0,-14780.0,41.3,0.4,147.0,10420.0
7/19,7,19,0,,,,,,,,
7/20,7,20,0,,,,,,,,
7/21,7,21,0,,,,,,,,
7/22,7,22,0,,,,,,,,
7/23,7,23,0,,,,,,,,
7/24,7,24,0,,,,,,,,
7/25,7,25,0,,,,,,,,
7/26,7,26,0,,,,,,,,
7/27,7,27,0,,,,,,,,
7/28,7,28,0,,,,,,,,
7/29,7,29,0,,,,,,,,
7/30,7,30,0,,,,,,,,
7/31,7,31,0,,,,,,,,
8/1,8,1,3231,8月1日生まれ：1-8の馬連,323100.0,111560.0,-211540.0,34.5,1.1,481.0,15980.0
8/2,8,2,3233,8月2日生まれ：2-8の馬連,323300.0,57610.0,-265690.0,17.8,1.2,488.0,5290.0
8/3,8,3,3237,8月3日生まれ：3-8の馬連,323700.0,363160.0,39460.0,112.2,1.5,289.0,119860.0
8/4,8,4,3230,8月4日生まれ：4-8の馬連,323000.0,150510.0,-172490.0,46.6,1.5,233.0,27450.0
8/5,8,5,3233,8月5日生まれ：5-8の馬連,323300.0,146400.0,-176900.0,45.3,1.3,245.0,17870.0
8/6,8,6,3237,8月6日生まれ：6-8の馬連,323700.0,175630.0,-148070.0,54.3,1.2,320.0,47570.0
8/7,8,7,3236,8月7日生まれ：7-8の馬連,323600.0,205680.0,-117920.0,63.6,1.2,361.0,76820.0
8/8,8,8,0,,,,,,,,
8/9,8,9,3117,8月9日生まれ：8-9の馬連,311700.0,179980.0,-131720.0,57.7,1.3,263.0,38540.0
8/10,8,10,2968,8月10日生まれ：8-10の馬連,296800.0,142380.0,-154420.0,48.0,1.2,354.0,36660.0
8/11,8,11,2787,8月11日生まれ：8-11の馬連,278700.0,122150.0,-156550.0,43.8,1.3,305.0,52550.0
8/12,8,12,2610,8月12日生まれ：8-12の馬連,261000.0,68400.0,-192600.0,26.2,0.8,417.0,17830.0
8/13,8,13,2334,8月13日生まれ：8-13の馬連,233400.0,70200.0,-163200.0,30.1,0.9,316.0,28950.0
8/14,8,14,2090,8月14日生まれ：8-14の馬連,209000.0,62770.0,-146230.0,30.0,0.7,362.0,16650.0
8/15,8,15,1735,8月15日生まれ：8-15の馬連,173500.0,165980.0,-7520.0,95.7,0.9,435.0,66010.0
8/16,8,16,1431,8月16日生まれ：8-16の馬連,143100.0,186680.0,43580.0,130.5,0.8,272.0,143520.0
8/17,8,17,301,8月17日生まれ：8-17の馬連,30100.0,1700.0,-28400.0,5.6,0.7,192.0,1100.0
8/18,8,18,254,8月18日生まれ：8-18の馬連,25400.0,1520.0,-23880.0,6.0,0.4,170.0,1520.0
8/19,8,19,0,,,,,,,,
8/20,8,20,0,,,,,,,,
8/21,8,21,0,,,,,,,,
8/22,8,22,0,,,,,,,,
8/23,8,23,0,,,,,,,,
8/24,8,24,0,,,,,,,,
8/25,8,25,0,,,,,,,,
8/26,8,26,0,,,,,,,,
8/27,8,27,0,,,,,,,,
8/28,8,28,0,,,,,,,,
8/29,8,29,0,,,,,,,,
8/30,8,30,0,,,,,,,,
8/31,8,31,0,,,,,,,,
9/1,9,1,3115,9月1日生まれ：1-9の馬連,311500.0,245790.0,-65710.0,78.9,1.3,278.0,37050.0
9/2,9,2,3118,9月2日生まれ：2-9の馬連,311800.0,170340.0,-141460.0,54.6,1.0,400.0,38710.0
9/3,9,3,3120,9月3日生まれ：3-9の馬連,312000.0,84180.0,-227820.0,27.0,1.0,221.0,11960.0
9/4,9,4,3114,9月4日生まれ：4-9の馬連,311400.0,120720.0,-190680.0,38.8,1.2,363.0,58970.0
9/5,9,5,3117,9月5日生まれ：5-9の馬連,311700.0,184820.0,-126880.0,59.3,1.1,387.0,44730.0
9/6,9,6,3120,9月6日生まれ：6-9の馬連,312000.0,235190.0,-76810.0,75.4,1.4,303.0,77490.0
9/7,9,7,3119,9月7日生まれ：7-9の馬連,311900.0,85550.0,-226350.0,27.4,0.8,402.0,14910.0
9/8,9,8,3117,9月8日生まれ：8-9の馬連,311700.0,179980.0,-131720.0,57.7,1.3,263.0,38540.0
9/9,9,9,0,,,,,,,,
9/10,9,10,2967,9月10日生まれ：9-10の馬連,296700.0,211750.0,-84950.0,71.4,1.4,348.0,117000.0
9/11,9,11,2785,9月11日生まれ：9-11の馬連,278500.0,217700.0,-60800.0,78.2,1.1,261.0,111670.0
9/12,9,12,2606,9月12日生まれ：9-12の馬連,260600.0,70180.0,-190420.0,26.9,1.0,494.0,8780.0
9/13,9,13,2334,9月13日生まれ：9-13の馬連,233400.0,122210.0,-111190.0,52.4,0.8,549.0,29000.0
9/14,9,14,2091,9月14日生まれ：9-14の馬連,209100.0,71790.0,-137310.0,34.3,0.6,595.0,25580.0
9/15,9,15,1738,9月15日生まれ：9-15の馬連,173800.0,104590.0,-69210.0,60.2,1.3,327.0,33860.0
9/16,9,16,1432,9月16日生まれ：9-16の馬連,143200.0,101820.0,-41380.0,71.1,1.0,274.0,38180.0
9/17,9,17,300,9月17日生まれ：9-17の馬連,30000.0,2090.0,-27910.0,7.0,0.3,186.0,2090.0
9/18,9,18,253,9月18日生まれ：9-18の馬連,25300.0,5230.0,-20070.0,20.7,1.2,107.0,3600.0
9/19,9,19,0,,,,,,,,
9/20,9,20,0,,,,,,,,
9/21,9,21,0,,,,,,,,
9/22,9,22,0,,,,,,,,
9/23,9,23,0,,,,,,,,
9/24,9,24,0,,,,,,,,
9/25,9,25,0,,,,,,,,
9/26,9,26,0,,,,,,,,
9/27,9,27,0,,,,,,,,
9/28,9,28,0,,,,,,,,
9/29,9,29,0,,,,,,,,
9/30,9,30,0,,,,,,,,
10/1,10,1,2966,10月1日生まれ：1-10の馬連,296600.0,101580.0,-195020.0,34.2,1.2,442.0,13410.0
10/2,10,2,2968,10月2日生まれ：2-10の馬連,296800.0,114050.0,-182750.0,38.4,0.6,444.0,36850.0
10/3,10,3,2971,10月3日生まれ：3-10の馬連,297100.0,132050.0,-165050.0,44.4,0.8,356.0,41560.0
10/4,10,4,2964,10月4日生まれ：4-10の馬連,296400.0,201860.0,-94540.0,68.1,1.3,367.0,43660.0
10/5,10,5,2967,10月5日生まれ：5-10の馬連,296700.0,227590.0,-69110.0,76.7,1.2,373.0,54010.0
10/6,10,6,2970,10月6日生まれ：6-10の馬連,297000.0,456900.0,159900.0,153.8,1.2,476.0,159740.0
10/7,10,7,2969,10月7日生まれ：7-10の馬連,296900.0,79750.0,-217150.0,26.9,0.7,380.0,19250.0
10/8,10,8,2968,10月8日生まれ：8-10の馬連,296800.0,142380.0,-154420.0,48.0,1.2,354.0,36660.0
10/9,10,9,2967,10月9日生まれ：9-10の馬連,296700.0,211750.0,-84950.0,71.4,1.4,348.0,117000.0
10/10,10,10,0,,,,,,,,
10/11,10,11,2787,10月11日生まれ：10-11の馬連,278700.0,278070.0,-630.0,99.8,1.5,323.0,56780.0
10/12,10,12,2608,10月12日生まれ：10-12の馬連,260800.0,202110.0,-58690.0,77.5,1.3,290.0,64660.0
10/13,10,13,2336,10月13日生まれ：10-13の馬連,233600.0,55530.0,-178070.0,23.8,0.7,378.0,30250.0
10/14,10,14,2093,10月14日生まれ：10-14の馬連,209300.0,135230.0,-74070.0,64.6,0.9,450.0,61160.0
10/15,10,15,1739,10月15日生まれ：10-15の馬連,173900.0,100830.0,-73070.0,58.0,0.8,334.0,34830.0
10/16,10,16,1432,10月16日生まれ：10-16の馬連,143200.0,228170.0,84970.0,159.3,0.7,333.0,105610.0
10/17,10,17,301,10月17日生まれ：10-17の馬連,30100.0,990.0,-29110.0,3.3,0.3,231.0,990.0
10/18,10,18,254,10月18日生まれ：10-18の馬連,25400.0,0.0,-25400.0,0.0,0.0,254.0,0.0
10/19,10,19,0,,,,,,,,
10/20,10,20,0,,,,,,,,
10/21,10,21,0,,,,,,,,
10/22,10,22,0,,,,,,,,
10/23,10,23,0,,,,,,,,
10/24,10,24,0,,,,,,,,
10/25,10,25,0,,,,,,,,
10/26,10,26,0,,,,,,,,
10/27,10,27,0,,,,,,,,
10/28,10,28,0,,,,,,,,
10/29,10,29,0,,,,,,,,
10/30,10,30,0,,,,,,,,
10/31,10,31,0,,,,,,,,
11/1,11,1,2784,11月1日生まれ：1-11の馬連,278400.0,191470.0,-86930.0,68.8,0.9,420.0,60200.0
11/2,11,2,2787,11月2日生まれ：2-11の馬連,278700.0,169550.0,-109150.0,60.8,1.0,284.0,36430.0
11/3,11,3,2789,11月3日生まれ：3-11の馬連,278900.0,174400.0,-104500.0,62.5,0.9,374.0,26760.0
11/4,11,4,2783,11月4日生まれ：4-11の馬連,278300.0,173090.0,-105210.0,62.2,1.1,297.0,50100.0
11/5,11,5,2787,11月5日生まれ：5-11の馬連,278700.0,114050.0,-164650.0,40.9,0.7,380.0,55710.0
11/6,11,6,2788,11月6日生まれ：6-11の馬連,278800.0,182920.0,-95880.0,65.6,1.0,348.0,96540.0
11/7,11,7,2789,11月7日生まれ：7-11の馬連,278900.0,91480.0,-187420.0,32.8,0.9,378.0,16640.0
11/8,11,8,2787,11月8日生まれ：8-11の馬連,278700.0,122150.0,-156550.0,43.8,1.3,305.0,52550.0
11/9,11,9,2785,11月9日生まれ：9-11の馬連,278500.0,217700.0,-60800.0,78.2,1.1,261.0,111670.0
11/10,11,10,2787,11月10日生まれ：10-11の馬連,278700.0,278070.0,-630.0,99.8,1.5,323.0,56780.0
11/11,11,11,0,,,,,,,,
11/12,11,12,2601,11月12日生まれ：11-12の馬連,260100.0,130790.0,-129310.0,50.3,1.6,229.0,27750.0
11/13,11,13,2327,11月13日生まれ：11-13の馬連,232700.0,246160.0,13460.0,105.8,0.8,324.0,168330.0
11/14,11,14,2085,11月14日生まれ：11-14の馬連,208500.0,129890.0,-78610.0,62.3,0.8,288.0,47230.0
11/15,11,15,1733,11月15日生まれ：11-15の馬連,173300.0,106950.0,-66350.0,61.7,1.2,272.0,20360.0
11/16,11,16,1427,11月16日生まれ：11-16の馬連,142700.0,45780.0,-96920.0,32.1,1.0,408.0,10630.0
11/17,11,17,298,11月17日生まれ：11-17の馬連,29800.0,2130.0,-27670.0,7.1,0.3,252.0,2130.0
11/18,11,18,251,11月18日生まれ：11-18の馬連,25100.0,22750.0,-2350.0,90.6,0.8,106.0,19000.0
11/19,11,19,0,,,,,,,,
11/20,11,20,0,,,,,,,,
11/21,11,21,0,,,,,,,,
11/22,11,22,0,,,,,,,,
11/23,11,23,0,,,,,,,,
11/24,11,24,0,,,,,,,,
11/25,11,25,0,,,,,,,,
11/26,11,26,0,,,,,,,,
11/27,11,27,0,,,,,,,,
11/28,11,28,0,,,,,,,,
11/29,11,29,0,,,,,,,,
11/30,11,30,0,,,,,,,,
12/1,12,1,2606,12月1日生まれ：1-12の馬連,260600.0,175170.0,-85430.0,67.2,1.0,387.0,84090.0
12/2,12,2,2610,12月2日生まれ：2-12の馬連,261000.0,137930.0,-123070.0,52.8,1.0,281.0,35970.0
12/3,12,3,2612,12月3日生まれ：3-12の馬連,261200.0,94270.0,-166930.0,36.1,1.1,405.0,38130.0
12/4,12,4,2605,12月4日生まれ：4-12の馬連,260500.0,84750.0,-175750.0,32.5,0.9,481.0,24720.0
12/5,12,5,2609,12月5日生まれ：5-12の馬連,260900.0,39070.0,-221830.0,15.0,0.5,623.0,9920.0
12/6,12,6,2610,12月6日生まれ：6-12の馬連,261000.0,398980.0,137980.0,152.9,0.9,468.0,278580.0
12/7,12,7,2610,12月7日生まれ：7-12の馬連,261000.0,148720.0,-112280.0,57.0,1.1,299.0,37480.0
12/8,12,8,2610,12月8日生まれ：8-12の馬連,261000.0,68400.0,-192600.0,26.2,0.8,417.0,17830.0
12/9,12,9,2606,12月9日生まれ：9-12の馬連,260600.0,70180.0,-190420.0,26.9,1.0,494.0,8780.0
12/10,12,10,2608,12月10日生まれ：10-12の馬連,260800.0,202110.0,-58690.0,77.5,1.3,290.0,64660.0
12/11,12,11,2601,12月11日生まれ：11-12の馬連,260100.0,130790.0,-129310.0,50.3,1.6,229.0,27750.0
12/12,12,12,0,,,,,,,,
12/13,12,13,2334,12月13日生まれ：12-13の馬連,233400.0,82120.0,-151280.0,35.2,1.0,423.0,16490.0
12/14,12,14,2091,12月14日生まれ：12-14の馬連,209100.0,157200.0,-51900.0,75.2,1.2,204.0,82420.0
12/15,12,15,1738,12月15日生まれ：12-15の馬連,173800.0,55310.0,-118490.0,31.8,1.2,283.0,13100.0
12/16,12,16,1434,12月16日生まれ：12-16の馬連,143400.0,85230.0,-58170.0,59.4,0.7,405.0,28770.0
12/17,12,17,301,12月17日生まれ：12-17の馬連,30100.0,6630.0,-23470.0,22.0,0.7,190.0,6010.0
12/18,12,18,254,12月18日生まれ：12-18の馬連,25400.0,1040.0,-24360.0,4.1,0.4,201.0,1040.0
12/19,12,19,0,,,,,,,,
12/20,12,20,0,,,,,,,,
12/21,12,21,0,,,,,,,,
12/22,12,22,0,,,,,,,,
12/23,12,23,0,,,,,,,,
12/24,12,24,0,,,,,,,,
12/25,12,25,0,,,,,,,,
12/26,12,26,0,,,,,,,,
12/27,12,27,0,,,,,,,,
12/28,12,28,0,,,,,,,,
12/29,12,29,0,,,,,,,,
12/30,12,30,0,,,,,,,,
12/31,12,31,0,,,,,,,,
