系列,date,rid,レース名,格,馬名,払戻
1番人気 単勝,2025-07-27,202504020207,関屋記念,重賞,カナテープ,440
1番人気 単勝,2025-08-24,202504030211,新潟2歳S,重賞,リアライズシリウス,230
1番人気 単勝,2025-08-03,202501010411,クイーンS,重賞,アルジーヌ,290
1番人気 単勝,2025-09-06,202501020511,札幌2歳S,重賞,ショウナンガルフ,340
1番人気 単勝,2025-02-09,202508010411,きさらぎ賞,重賞,サトノシャイニング,270
1番人気 単勝,2025-05-04,202508020411,天皇賞,G1,ヘデントール,310
1番人気 単勝,2025-05-17,202508020708,京都ハイジャンプ,重賞,アンクルブラック,200
1番人気 単勝,2025-10-26,202508030911,菊花賞,G1,エネルジコ,380
1番人気 単勝,2025-11-01,202508031011,ファンタジーS,重賞,フェスティバルヒル,280
1番人気 単勝,2025-11-15,202508040311,デイリー杯2歳S,重賞,アドマイヤクワッズ,260
1番人気 単勝,2025-11-16,202508040411,エリザベス女王杯,G1,レガレイラ,230
1番人気 単勝,2025-11-23,202508040611,マイルCS,G1,ジャンタルマンタル,180
1番人気 単勝,2025-04-20,202503010411,福島牝馬S,重賞,アドマイヤマツリ,380
1番人気 単勝,2025-04-19,202509020711,アンタレスS,重賞,ミッキーファイト,180
1番人気 単勝,2025-09-14,202509040411,ローズS,重賞,カムニャック,290
1番人気 単勝,2025-07-06,202510020411,北九州記念,重賞,ヤマニンアルリフラ,570
1番人気 単勝,2025-02-16,202505010611,共同通信杯,重賞,マスカレードボール,380
1番人気 単勝,2025-02-22,202505010711,ダイヤモンドS,重賞,ヘデントール,190
1番人気 単勝,2025-04-26,202505020111,青葉賞,重賞,エネルジコ,260
1番人気 単勝,2025-05-18,202505020811,ヴィクトリアマイル,G1,アスコリピチェーノ,250
1番人気 単勝,2025-06-01,202505021211,日本ダービー,G1,クロワデュノール,210
1番人気 単勝,2025-06-01,202505021212,目黒記念,重賞,アドマイヤテラ,330
1番人気 単勝,2025-10-19,202505040709,東京ハイJ,重賞,ジューンベロシティ,190
1番人気 単勝,2025-11-02,202505041111,天皇賞,G1,マスカレードボール,270
1番人気 単勝,2025-11-08,202505050111,京王杯2歳S,重賞,ダイヤモンドノット,180
1番人気 単勝,2025-01-26,202506010911,AJCC,重賞,ダノンデサイル,260
1番人気 単勝,2025-03-01,202506020111,オーシャンS,重賞,ママコチャ,270
1番人気 単勝,2025-04-05,202506030311,ダービー卿CT,重賞,トロヴァトーレ,170
1番人気 単勝,2025-09-15,202506040511,セントライト記念,重賞,ミュージアムマイル,260
1番人気 単勝,2025-09-21,202506040711,オールカマー,重賞,レガレイラ,330
1番人気 単勝,2025-12-14,202506050411,カペラS,重賞,テーオーエルビス,320
1番人気 複勝,2025-07-27,202504020207,関屋記念,重賞,カナテープ,170
1番人気 複勝,2025-08-03,202504020407,アイビスSD,重賞,テイエムスパーダ,150
1番人気 複勝,2025-08-24,202504030211,新潟2歳S,重賞,リアライズシリウス,120
1番人気 複勝,2025-08-31,202504030411,新潟記念,重賞,エネルジコ,150
1番人気 複勝,2025-01-13,202507010511,シンザン記念,重賞,アルテヴェローチェ,160
1番人気 複勝,2025-01-26,202507010911,プロキオンS,重賞,サンライズジパング,130
1番人気 複勝,2025-03-16,202507020211,金鯱賞,重賞,ホウオウビスケッツ,150
1番人気 複勝,2025-03-23,202507020411,愛知杯,重賞,カピリナ,180
1番人気 複勝,2025-03-30,202507020611,高松宮記念,G1,ナムラクレア,140
1番人気 複勝,2025-07-27,202507030207,東海S,重賞,ビダーヤ,160
1番人気 複勝,2025-08-10,202507030607,CBC賞,重賞,ジューンブレア,160
1番人気 複勝,2025-08-03,202501010411,クイーンS,重賞,アルジーヌ,120
1番人気 複勝,2025-08-09,202501010511,エルムS,重賞,ロードクロンヌ,130
1番人気 複勝,2025-09-06,202501020511,札幌2歳S,重賞,ショウナンガルフ,170
1番人気 複勝,2025-02-09,202508010411,きさらぎ賞,重賞,サトノシャイニング,120
1番人気 複勝,2025-04-27,202508020211,マイラーズC,重賞,ジュンブロッサム,120
1番人気 複勝,2025-05-03,202508020311,ユニコーンS,重賞,クレーキング,110
1番人気 複勝,2025-05-04,202508020411,天皇賞,G1,ヘデントール,140
1番人気 複勝,2025-05-17,202508020708,京都ハイジャンプ,重賞,アンクルブラック,110
1番人気 複勝,2025-10-26,202508030911,菊花賞,G1,エネルジコ,180
1番人気 複勝,2025-11-01,202508031011,ファンタジーS,重賞,フェスティバルヒル,140
1番人気 複勝,2025-11-15,202508040311,デイリー杯2歳S,重賞,アドマイヤクワッズ,120
1番人気 複勝,2025-11-16,202508040411,エリザベス女王杯,G1,レガレイラ,130
1番人気 複勝,2025-11-23,202508040611,マイルCS,G1,ジャンタルマンタル,110
1番人気 複勝,2025-11-30,202508040812,京阪杯,重賞,ルガル,220
1番人気 複勝,2025-04-20,202503010411,福島牝馬S,重賞,アドマイヤマツリ,180
1番人気 複勝,2025-07-13,202503020611,七夕賞,重賞,ドゥラドーレス,140
1番人気 複勝,2025-11-22,202503030511,福島記念,重賞,エコロヴァルツ,160
1番人気 複勝,2025-03-02,202509010211,チューリップ賞,重賞,ビップデイジー,140
1番人気 複勝,2025-03-15,202509010508,阪神スプリングJ,重賞,ジューンベロシティ,120
1番人気 複勝,2025-04-05,202509020311,チャーチルダウンズC,重賞,アルテヴェローチェ,120
1番人気 複勝,2025-04-19,202509020711,アンタレスS,重賞,ミッキーファイト,110
1番人気 複勝,2025-06-15,202509030411,宝塚記念,G1,ベラジオオペラ,160
1番人気 複勝,2025-06-22,202509030611,しらさぎS,重賞,チェルヴィニア,200
1番人気 複勝,2025-09-07,202509040211,セントウルS,重賞,トウシンマカオ,130
1番人気 複勝,2025-09-13,202509040311,チャレンジC,重賞,グランヴィノス,140
1番人気 複勝,2025-09-14,202509040411,ローズS,重賞,カムニャック,140
1番人気 複勝,2025-09-21,202509040711,神戸新聞杯,重賞,ショウヘイ,110
1番人気 複勝,2025-07-20,202502011211,函館2歳S,重賞,ブラックチャリス,120
1番人気 複勝,2025-07-06,202510020411,北九州記念,重賞,ヤマニンアルリフラ,270
1番人気 複勝,2025-02-16,202505010611,共同通信杯,重賞,マスカレードボール,150
1番人気 複勝,2025-02-22,202505010711,ダイヤモンドS,重賞,ヘデントール,130
1番人気 複勝,2025-02-23,202505010811,フェブラリーS,G1,ミッキーファイト,150
1番人気 複勝,2025-04-26,202505020111,青葉賞,重賞,エネルジコ,130
1番人気 複勝,2025-04-27,202505020211,フローラS,重賞,ヴァルキリーバース,170
1番人気 複勝,2025-05-03,202505020311,京王杯SC,重賞,ママコチャ,130
1番人気 複勝,2025-05-10,202505020511,エプソムC,重賞,ドゥラドーレス,160
1番人気 複勝,2025-05-18,202505020811,ヴィクトリアマイル,G1,アスコリピチェーノ,130
1番人気 複勝,2025-06-01,202505021211,日本ダービー,G1,クロワデュノール,110
1番人気 複勝,2025-06-01,202505021212,目黒記念,重賞,アドマイヤテラ,160
1番人気 複勝,2025-06-08,202505030211,安田記念,G1,ソウルラッシュ,140
1番人気 複勝,2025-10-05,202505040211,毎日王冠,重賞,サトノシャイニング,120
1番人気 複勝,2025-10-11,202505040311,サウジアラビアRC,重賞,ゾロアストロ,110
1番人気 複勝,2025-10-18,202505040611,富士S,重賞,ジャンタルマンタル,110
1番人気 複勝,2025-10-19,202505040709,東京ハイJ,重賞,ジューンベロシティ,110
1番人気 複勝,2025-11-02,202505041111,天皇賞,G1,マスカレードボール,140
1番人気 複勝,2025-11-08,202505050111,京王杯2歳S,重賞,ダイヤモンドノット,130
1番人気 複勝,2025-11-09,202505050211,アルゼンチン共和国杯,重賞,スティンガーグラス,180
1番人気 複勝,2025-11-15,202505050311,武蔵野S,重賞,コスタノヴァ,140
1番人気 複勝,2025-11-30,202505050812,ジャパンC,G1,マスカレードボール,120
1番人気 複勝,2025-01-26,202506010911,AJCC,重賞,ダノンデサイル,140
1番人気 複勝,2025-03-01,202506020111,オーシャンS,重賞,ママコチャ,140
1番人気 複勝,2025-03-02,202506020211,中山記念,重賞,ソウルラッシュ,130
1番人気 複勝,2025-03-08,202506020311,中山牝馬S,重賞,クリスマスパレード,150
1番人気 複勝,2025-03-16,202506020611,スプリングS,重賞,キングスコール,180
1番人気 複勝,2025-03-22,202506020711,フラワーC,重賞,パラディレーヌ,130
1番人気 複勝,2025-03-29,202506030111,日経賞,重賞,アーバンシック,120
1番人気 複勝,2025-03-30,202506030211,マーチS,重賞,ロードクロンヌ,160
1番人気 複勝,2025-04-05,202506030311,ダービー卿CT,重賞,トロヴァトーレ,110
1番人気 複勝,2025-04-12,202506030511,ニュージーランドT,重賞,アドマイヤズーム,110
1番人気 複勝,2025-04-20,202506030811,皐月賞,G1,クロワデュノール,110
1番人気 複勝,2025-09-15,202506040511,セントライト記念,重賞,ミュージアムマイル,130
1番人気 複勝,2025-09-21,202506040711,オールカマー,重賞,レガレイラ,150
1番人気 複勝,2025-12-06,202506050111,ステイヤーズS,重賞,クロミナンス,160
1番人気 複勝,2025-12-14,202506050411,カペラS,重賞,テーオーエルビス,160
2番人気 単勝,2025-08-03,202504020407,アイビスSD,重賞,ピューロマジック,460
2番人気 単勝,2025-08-31,202504030411,新潟記念,重賞,シランケド,340
2番人気 単勝,2025-03-30,202507020611,高松宮記念,G1,サトノレーヴ,380
2番人気 単勝,2025-08-24,202501020211,キーンランドC,重賞,パンジャタワー,550
2番人気 単勝,2025-10-19,202508030711,秋華賞,G1,エンブロイダリー,550
2番人気 単勝,2025-11-09,202508040211,みやこS,重賞,ダブルハートボンド,600
2番人気 単勝,2025-07-13,202503020611,七夕賞,重賞,コスモフリーゲン,420
2番人気 単勝,2025-11-22,202503030511,福島記念,重賞,ニシノティアモ,390
2番人気 単勝,2025-03-29,202509020111,毎日杯,重賞,ファンダム,450
2番人気 単勝,2025-04-05,202509020311,チャーチルダウンズC,重賞,ランスオブカオス,300
2番人気 単勝,2025-04-06,202509020411,大阪杯,G1,ベラジオオペラ,510
2番人気 単勝,2025-09-13,202509040311,チャレンジC,重賞,オールナット,470
2番人気 単勝,2025-09-21,202509040711,神戸新聞杯,重賞,エリキング,270
2番人気 単勝,2025-12-06,202509050111,鳴尾記念,重賞,デビットバローズ,430
2番人気 単勝,2025-12-14,202509050411,阪神JF,G1,スターアニス,500
2番人気 単勝,2025-06-14,202502010111,函館スプリントS,重賞,カピリナ,620
2番人気 単勝,2025-02-02,202505010211,根岸S,重賞,コスタノヴァ,460
2番人気 単勝,2025-02-23,202505010811,フェブラリーS,G1,コスタノヴァ,430
2番人気 単勝,2025-05-03,202505020311,京王杯SC,重賞,トウシンマカオ,410
2番人気 単勝,2025-06-08,202505030211,安田記念,G1,ジャンタルマンタル,430
2番人気 単勝,2025-10-11,202505040311,サウジアラビアRC,重賞,エコロアルバ,360
2番人気 単勝,2025-10-25,202505040811,アルテミスS,重賞,フィロステファニ,390
2番人気 単勝,2025-01-12,202506010411,フェアリーS,重賞,エリカエクスプレス,590
2番人気 単勝,2025-03-02,202506020211,中山記念,重賞,シックスペンス,310
2番人気 単勝,2025-03-16,202506020611,スプリングS,重賞,ピコチャンブラック,410
2番人気 単勝,2025-03-29,202506030111,日経賞,重賞,マイネルエンペラー,740
2番人気 単勝,2025-03-30,202506030211,マーチS,重賞,ブライアンセンス,460
2番人気 単勝,2025-04-12,202506030511,ニュージーランドT,重賞,イミグラントソング,550
2番人気 単勝,2025-12-06,202506050111,ステイヤーズS,重賞,ホーエリート,440
2番人気 複勝,2025-07-27,202504020207,関屋記念,重賞,ボンドガール,220
2番人気 複勝,2025-08-03,202504020407,アイビスSD,重賞,ピューロマジック,200
2番人気 複勝,2025-08-31,202504030411,新潟記念,重賞,シランケド,140
2番人気 複勝,2025-01-05,202507010111,京都金杯,重賞,ロジリオン,210
2番人気 複勝,2025-03-30,202507020611,高松宮記念,G1,サトノレーヴ,160
2番人気 複勝,2025-12-07,202507050211,チャンピオンズC,G1,ウィルソンテソーロ,230
2番人気 複勝,2025-08-03,202501010411,クイーンS,重賞,ココナッツブラウン,150
2番人気 複勝,2025-08-17,202501010811,札幌記念,重賞,ココナッツブラウン,260
2番人気 複勝,2025-08-24,202501020211,キーンランドC,重賞,パンジャタワー,230
2番人気 複勝,2025-02-22,202508010711,阪急杯,重賞,アサカラキング,200
2番人気 複勝,2025-04-27,202508020211,マイラーズC,重賞,セオ,130
2番人気 複勝,2025-05-03,202508020311,ユニコーンS,重賞,メイショウズイウン,140
2番人気 複勝,2025-05-17,202508020708,京都ハイジャンプ,重賞,レッドバロッサ,140
2番人気 複勝,2025-05-24,202508020911,平安S,重賞,ロードクロンヌ,200
2番人気 複勝,2025-10-05,202508030211,京都大賞典,重賞,サンライズアース,250
2番人気 複勝,2025-10-19,202508030711,秋華賞,G1,エンブロイダリー,240
2番人気 複勝,2025-10-26,202508030911,菊花賞,G1,エリキング,190
2番人気 複勝,2025-11-09,202508040211,みやこS,重賞,ダブルハートボンド,220
2番人気 複勝,2025-11-15,202508040311,デイリー杯2歳S,重賞,カヴァレリッツォ,120
2番人気 複勝,2025-07-13,202503020611,七夕賞,重賞,コスモフリーゲン,160
2番人気 複勝,2025-11-22,202503030511,福島記念,重賞,ニシノティアモ,160
2番人気 複勝,2025-03-29,202509020111,毎日杯,重賞,ファンダム,190
2番人気 複勝,2025-04-05,202509020311,チャーチルダウンズC,重賞,ランスオブカオス,120
2番人気 複勝,2025-04-06,202509020411,大阪杯,G1,ベラジオオペラ,180
2番人気 複勝,2025-04-13,202509020611,桜花賞,G1,アルマヴェローチェ,150
2番人気 複勝,2025-09-07,202509040211,セントウルS,重賞,ママコチャ,120
2番人気 複勝,2025-09-13,202509040311,チャレンジC,重賞,オールナット,180
2番人気 複勝,2025-09-21,202509040711,神戸新聞杯,重賞,エリキング,110
2番人気 複勝,2025-12-06,202509050111,鳴尾記念,重賞,デビットバローズ,200
2番人気 複勝,2025-12-14,202509050411,阪神JF,G1,スターアニス,200
2番人気 複勝,2025-06-14,202502010111,函館スプリントS,重賞,カピリナ,240
2番人気 複勝,2025-07-20,202502011211,函館2歳S,重賞,カイショー,130
2番人気 複勝,2025-07-20,202510020811,小倉記念,重賞,ディープモンスター,220
2番人気 複勝,2025-02-02,202505010211,根岸S,重賞,コスタノヴァ,190
2番人気 複勝,2025-02-09,202505010411,東京新聞杯,重賞,ボンドガール,180
2番人気 複勝,2025-02-23,202505010811,フェブラリーS,G1,コスタノヴァ,170
2番人気 複勝,2025-04-26,202505020111,青葉賞,重賞,ファイアンクランツ,120
2番人気 複勝,2025-05-03,202505020311,京王杯SC,重賞,トウシンマカオ,150
2番人気 複勝,2025-05-25,202505021011,オークス,G1,アルマヴェローチェ,160
2番人気 複勝,2025-06-08,202505030211,安田記念,G1,ジャンタルマンタル,180
2番人気 複勝,2025-06-22,202505030611,府中牝馬S,重賞,ラヴァンダ,190
2番人気 複勝,2025-10-05,202505040211,毎日王冠,重賞,ホウオウビスケッツ,140
2番人気 複勝,2025-10-11,202505040311,サウジアラビアRC,重賞,エコロアルバ,130
2番人気 複勝,2025-10-19,202505040709,東京ハイJ,重賞,エコロデュエル,110
2番人気 複勝,2025-10-25,202505040811,アルテミスS,重賞,フィロステファニ,170
2番人気 複勝,2025-11-24,202505050611,東スポ杯2歳S,重賞,ライヒスアドラー,170
2番人気 複勝,2025-01-12,202506010411,フェアリーS,重賞,エリカエクスプレス,260
2番人気 複勝,2025-03-02,202506020211,中山記念,重賞,シックスペンス,140
2番人気 複勝,2025-03-09,202506020411,弥生賞ディープインパクト記念,重賞,ヴィンセンシオ,200
2番人気 複勝,2025-03-16,202506020611,スプリングS,重賞,ピコチャンブラック,170
2番人気 複勝,2025-03-29,202506030111,日経賞,重賞,マイネルエンペラー,180
2番人気 複勝,2025-03-30,202506030211,マーチS,重賞,ブライアンセンス,180
2番人気 複勝,2025-04-12,202506030511,ニュージーランドT,重賞,イミグラントソング,150
2番人気 複勝,2025-09-06,202506040111,京成杯AH,重賞,コントラポスト,250
2番人気 複勝,2025-09-07,202506040211,紫苑S,重賞,ジョスラン,200
2番人気 複勝,2025-09-15,202506040511,セントライト記念,重賞,レッドバンデ,160
2番人気 複勝,2025-09-21,202506040711,オールカマー,重賞,ドゥラドーレス,130
2番人気 複勝,2025-09-28,202506040911,スプリンターズS,G1,ナムラクレア,210
2番人気 複勝,2025-12-06,202506050111,ステイヤーズS,重賞,ホーエリート,160
2番人気 複勝,2025-12-14,202506050411,カペラS,重賞,ヤマニンチェルキ,210
2番人気 複勝,2025-12-28,202506050811,有馬記念,G1,ダノンデサイル,150
3番人気 単勝,2025-01-13,202507010511,シンザン記念,重賞,リラエンブレム,470
3番人気 単勝,2025-03-22,202507020311,ファルコンS,重賞,ヤンキーバローズ,630
3番人気 単勝,2025-12-07,202507050211,チャンピオンズC,G1,ダブルハートボンド,730
3番人気 単勝,2025-05-03,202508020311,ユニコーンS,重賞,カナルビーグル,600
3番人気 単勝,2025-03-08,202509010311,フィリーズレビュー,重賞,ショウナンザナドゥ,670
3番人気 単勝,2025-04-13,202509020611,桜花賞,G1,エンブロイダリー,500
3番人気 単勝,2025-01-25,202510010111,小倉牝馬S,重賞,シンティレーション,410
3番人気 単勝,2025-02-09,202505010411,東京新聞杯,重賞,ウォーターリヒト,740
3番人気 単勝,2025-02-15,202505010511,クイーンC,重賞,エンブロイダリー,490
3番人気 単勝,2025-10-18,202505040611,富士S,重賞,ガイアフォース,710
3番人気 単勝,2025-11-15,202505050311,武蔵野S,重賞,ルクソールカフェ,450
3番人気 単勝,2025-11-24,202505050611,東スポ杯2歳S,重賞,パントルナイーフ,730
3番人気 単勝,2025-03-08,202506020311,中山牝馬S,重賞,シランケド,580
3番人気 単勝,2025-04-20,202506030811,皐月賞,G1,ミュージアムマイル,1060
3番人気 単勝,2025-12-28,202506050811,有馬記念,G1,ミュージアムマイル,380
3番人気 複勝,2025-05-17,202504010511,新潟大賞典,重賞,サブマリーナ,290
3番人気 複勝,2025-08-24,202504030211,新潟2歳S,重賞,フェスティバルヒル,150
3番人気 複勝,2025-01-13,202507010511,シンザン記念,重賞,リラエンブレム,210
3番人気 複勝,2025-01-19,202507010711,日経新春杯,重賞,ショウナンラプンタ,190
3番人気 複勝,2025-01-26,202507010911,プロキオンS,重賞,ドゥラエレーデ,160
3番人気 複勝,2025-03-22,202507020311,ファルコンS,重賞,ヤンキーバローズ,260
3番人気 複勝,2025-03-23,202507020411,愛知杯,重賞,シングザットソング,270
3番人気 複勝,2025-07-27,202507030207,東海S,重賞,インユアパレス,190
3番人気 複勝,2025-12-07,202507050211,チャンピオンズC,G1,ダブルハートボンド,250
3番人気 複勝,2025-08-24,202501020211,キーンランドC,重賞,カルプスペルシュ,220
3番人気 複勝,2025-02-09,202508010411,きさらぎ賞,重賞,リンクスティップ,200
3番人気 複勝,2025-02-22,202508010711,阪急杯,重賞,ソーダズリング,180
3番人気 複勝,2025-05-03,202508020311,ユニコーンS,重賞,カナルビーグル,150
3番人気 複勝,2025-05-10,202508020511,京都新聞杯,重賞,エムズ,230
3番人気 複勝,2025-11-01,202508031011,ファンタジーS,重賞,メイショウハッケイ,180
3番人気 複勝,2025-11-09,202508040211,みやこS,重賞,ロードクロンヌ,200
3番人気 複勝,2025-03-08,202509010311,フィリーズレビュー,重賞,ショウナンザナドゥ,260
3番人気 複勝,2025-03-15,202509010508,阪神スプリングJ,重賞,ネビーイーム,180
3番人気 複勝,2025-04-12,202509020511,阪神牝馬S,重賞,アルジーヌ,270
3番人気 複勝,2025-04-13,202509020611,桜花賞,G1,エンブロイダリー,200
3番人気 複勝,2025-09-21,202509040711,神戸新聞杯,重賞,ジョバンニ,130
3番人気 複勝,2025-12-06,202509050111,鳴尾記念,重賞,マテンロウレオ,260
3番人気 複勝,2025-06-14,202502010111,函館スプリントS,重賞,ジューンブレア,280
3番人気 複勝,2025-01-25,202510010111,小倉牝馬S,重賞,シンティレーション,300
3番人気 複勝,2025-07-20,202510020811,小倉記念,重賞,シェイクユアハート,220
3番人気 複勝,2025-02-02,202505010211,根岸S,重賞,ロードフォンス,220
3番人気 複勝,2025-02-09,202505010411,東京新聞杯,重賞,ウォーターリヒト,230
3番人気 複勝,2025-02-15,202505010511,クイーンC,重賞,エンブロイダリー,220
3番人気 複勝,2025-05-03,202505020311,京王杯SC,重賞,ロジリオン,170
3番人気 複勝,2025-05-11,202505020611,NHKマイルC,G1,マジックサンズ,390
3番人気 複勝,2025-06-01,202505021211,日本ダービー,G1,マスカレードボール,190
3番人気 複勝,2025-06-22,202505030611,府中牝馬S,重賞,カナテープ,230
3番人気 複勝,2025-10-18,202505040611,富士S,重賞,ガイアフォース,160
3番人気 複勝,2025-10-19,202505040709,東京ハイJ,重賞,サイード,110
3番人気 複勝,2025-10-25,202505040811,アルテミスS,重賞,タイセイボーグ,180
3番人気 複勝,2025-11-02,202505041111,天皇賞,G1,ミュージアムマイル,240
3番人気 複勝,2025-11-09,202505050211,アルゼンチン共和国杯,重賞,ディマイザキッド,200
3番人気 複勝,2025-11-15,202505050311,武蔵野S,重賞,ルクソールカフェ,160
3番人気 複勝,2025-11-24,202505050611,東スポ杯2歳S,重賞,パントルナイーフ,190
3番人気 複勝,2025-11-30,202505050812,ジャパンC,G1,ダノンデサイル,180
3番人気 複勝,2025-01-26,202506010911,AJCC,重賞,コスモキュランダ,230
3番人気 複勝,2025-03-01,202506020111,オーシャンS,重賞,ペアポルックス,230
3番人気 複勝,2025-03-02,202506020211,中山記念,重賞,エコロヴァルツ,190
3番人気 複勝,2025-03-08,202506020311,中山牝馬S,重賞,シランケド,200
3番人気 複勝,2025-04-05,202506030311,ダービー卿CT,重賞,コントラポスト,230
3番人気 複勝,2025-04-20,202506030811,皐月賞,G1,ミュージアムマイル,200
3番人気 複勝,2025-12-28,202506050811,有馬記念,G1,ミュージアムマイル,170
1番人気 単勝,2025-07-27,202504020207,関屋記念,重賞,カナテープ,440
1番人気 単勝,2025-08-24,202504030211,新潟2歳S,重賞,リアライズシリウス,230
1番人気 単勝,2025-08-03,202501010411,クイーンS,重賞,アルジーヌ,290
1番人気 単勝,2025-09-06,202501020511,札幌2歳S,重賞,ショウナンガルフ,340
1番人気 単勝,2025-02-09,202508010411,きさらぎ賞,重賞,サトノシャイニング,270
1番人気 単勝,2025-05-04,202508020411,天皇賞,G1,ヘデントール,310
1番人気 単勝,2025-05-17,202508020708,京都ハイジャンプ,重賞,アンクルブラック,200
1番人気 単勝,2025-10-26,202508030911,菊花賞,G1,エネルジコ,380
1番人気 単勝,2025-11-01,202508031011,ファンタジーS,重賞,フェスティバルヒル,280
1番人気 単勝,2025-11-15,202508040311,デイリー杯2歳S,重賞,アドマイヤクワッズ,260
1番人気 単勝,2025-11-16,202508040411,エリザベス女王杯,G1,レガレイラ,230
1番人気 単勝,2025-11-23,202508040611,マイルCS,G1,ジャンタルマンタル,180
1番人気 単勝,2025-04-20,202503010411,福島牝馬S,重賞,アドマイヤマツリ,380
1番人気 単勝,2025-04-19,202509020711,アンタレスS,重賞,ミッキーファイト,180
1番人気 単勝,2025-09-14,202509040411,ローズS,重賞,カムニャック,290
1番人気 単勝,2025-07-06,202510020411,北九州記念,重賞,ヤマニンアルリフラ,570
1番人気 単勝,2025-02-16,202505010611,共同通信杯,重賞,マスカレードボール,380
1番人気 単勝,2025-02-22,202505010711,ダイヤモンドS,重賞,ヘデントール,190
1番人気 単勝,2025-04-26,202505020111,青葉賞,重賞,エネルジコ,260
1番人気 単勝,2025-05-18,202505020811,ヴィクトリアマイル,G1,アスコリピチェーノ,250
1番人気 単勝,2025-06-01,202505021211,日本ダービー,G1,クロワデュノール,210
1番人気 単勝,2025-06-01,202505021212,目黒記念,重賞,アドマイヤテラ,330
1番人気 単勝,2025-10-19,202505040709,東京ハイJ,重賞,ジューンベロシティ,190
1番人気 単勝,2025-11-02,202505041111,天皇賞,G1,マスカレードボール,270
1番人気 単勝,2025-11-08,202505050111,京王杯2歳S,重賞,ダイヤモンドノット,180
1番人気 単勝,2025-01-26,202506010911,AJCC,重賞,ダノンデサイル,260
1番人気 単勝,2025-03-01,202506020111,オーシャンS,重賞,ママコチャ,270
1番人気 単勝,2025-04-05,202506030311,ダービー卿CT,重賞,トロヴァトーレ,170
1番人気 単勝,2025-09-15,202506040511,セントライト記念,重賞,ミュージアムマイル,260
1番人気 単勝,2025-09-21,202506040711,オールカマー,重賞,レガレイラ,330
1番人気 単勝,2025-12-14,202506050411,カペラS,重賞,テーオーエルビス,320
最低人気 単勝,2025-10-26,202508030906,3歳以上1勝クラス,,アンビシャスヨシノ,9190
最低人気 単勝,2025-11-08,202508040111,室町S,,ペプチドヤマト,9460
最低人気 単勝,2025-04-12,202503010105,3歳未勝利,,ベラトール,34740
最低人気 単勝,2025-02-16,202510010804,4歳以上障害未勝利,,ナイトスピアー,9750
最低人気 単勝,2025-03-01,202510011101,3歳未勝利,,メイショウピリカ,24620
最低人気 単勝,2025-07-05,202510020311,マレーシアC,,グランアルティスタ,9950
最低人気 単勝,2025-06-15,202505030411,パラダイスS,,カリボール,20720
最低人気 単勝,2025-01-13,202506010504,4歳以上障害未勝利,,フォージドブリック,10410
最低人気 単勝,2025-12-13,202506050306,2歳新馬,,タイセイエムロード,20570
1→2→3番人気 三連単,2025-06-21,202502010309,下北半島特別,,,3260
1→2→3番人気 三連単,2025-07-13,202503020608,3歳以上1勝クラス,,,5710
1→2→3番人気 三連単,2025-11-08,202503030104,3歳以上1勝クラス,,,11010
1→2→3番人気 三連単,2025-05-24,202504010711,大日岳特別,,,4900
1→2→3番人気 三連単,2025-08-16,202504020710,3歳未勝利,,,5590
1→2→3番人気 三連単,2025-10-19,202504040202,2歳未勝利,,,3270
1→2→3番人気 三連単,2025-10-25,202504040308,3歳以上1勝クラス,,,6050
1→2→3番人気 三連単,2025-10-26,202504040411,ルミエールAD,,,6630
1→2→3番人気 三連単,2025-02-09,202505010401,3歳未勝利,,,4960
1→2→3番人気 三連単,2025-06-14,202505030312,3歳以上1勝クラス,,,3540
1→2→3番人気 三連単,2025-10-19,202505040709,東京ハイJ,重賞,,660
1→2→3番人気 三連単,2025-11-08,202505050112,3歳以上1勝クラス,,,5020
1→2→3番人気 三連単,2025-11-24,202505050608,3歳以上2勝クラス,,,3260
1→2→3番人気 三連単,2025-03-08,202506020306,3歳未勝利,,,5530
1→2→3番人気 三連単,2025-03-23,202506020801,3歳未勝利,,,3810
1→2→3番人気 三連単,2025-09-20,202506040606,3歳以上1勝クラス,,,3060
1→2→3番人気 三連単,2025-01-05,202507010106,4歳以上1勝クラス,,,3020
1→2→3番人気 三連単,2025-01-25,202507010809,若駒S,,,3180
1→2→3番人気 三連単,2025-08-10,202507030609,3歳未勝利,,,6080
1→2→3番人気 三連単,2025-08-24,202507040209,賢島特別,,,3630
1→2→3番人気 三連単,2025-12-14,202507050405,2歳新馬,,,4460
1→2→3番人気 三連単,2025-10-12,202508030404,3歳以上障害未勝利,,,3450
1→2→3番人気 三連単,2025-10-13,202508030508,3歳以上1勝クラス,,,10020
1→2→3番人気 三連単,2025-04-05,202509020310,ポラリスS,,,5040
1→2→3番人気 三連単,2025-04-19,202509020712,4歳以上1勝クラス,,,5950
1→2→3番人気 三連単,2025-12-13,202509050308,3歳以上1勝クラス,,,3470
1→2→3番人気 三連単,2025-02-16,202510010802,3歳未勝利,,,7790
1→2→3番人気 三連単,2025-02-22,202510010912,4歳以上1勝クラス,,,3130
1→2→3番人気 三連単,2025-02-23,202510011007,4歳以上1勝クラス,,,4280
騎手:ルメール,2025-08-03,202504020407,アイビスSD,重賞,ピューロマジック,460
騎手:ルメール,2025-10-19,202508030711,秋華賞,G1,エンブロイダリー,550
騎手:ルメール,2025-10-26,202508030911,菊花賞,G1,エネルジコ,380
騎手:ルメール,2025-04-19,202509020711,アンタレスS,重賞,ミッキーファイト,180
騎手:ルメール,2025-02-15,202505010511,クイーンC,重賞,エンブロイダリー,490
騎手:ルメール,2025-04-26,202505020111,青葉賞,重賞,エネルジコ,260
騎手:ルメール,2025-05-18,202505020811,ヴィクトリアマイル,G1,アスコリピチェーノ,250
騎手:ルメール,2025-11-02,202505041111,天皇賞,G1,マスカレードボール,270
騎手:ルメール,2025-11-08,202505050111,京王杯2歳S,重賞,ダイヤモンドノット,180
騎手:ルメール,2025-11-24,202505050611,東スポ杯2歳S,重賞,パントルナイーフ,730
騎手:ルメール,2025-03-02,202506020211,中山記念,重賞,シックスペンス,310
騎手:三浦皇成,2025-02-01,202505010112,4歳以上1勝クラス,,ショウナンラピダス,5240
騎手:三浦皇成,2025-01-18,202506010605,3歳未勝利,,シェーンシュティア,3080
騎手:三浦皇成,2025-03-01,202506020105,3歳未勝利,,グッドレッスン,3900
騎手:三浦皇成,2025-09-14,202506040406,3歳未勝利,,ブレゲアン,4330
騎手:三浦皇成,2025-09-28,202506040911,スプリンターズS,G1,ウインカーネリアン,5000
騎手:丸田恭介,2025-10-05,202505040206,2歳新馬,,ゲームカレンダー,6350
騎手:丸田恭介,2025-01-06,202506010204,4歳以上1勝クラス,,ホウオウフロイト,21190
騎手:丸田恭介,2025-03-16,202506020609,房総特別,,アマイ,6350
騎手:丹内祐次,2025-04-19,202503010307,4歳以上1勝クラス,,トゥピ,7050
騎手:丹内祐次,2025-01-25,202510010111,小倉牝馬S,重賞,フェアエールング,680
騎手:丹内祐次,2025-02-23,202510011011,小倉大賞典,重賞,ロングラン,660
騎手:丹内祐次,2025-01-06,202506010212,4歳以上1勝クラス,,カイコウ,7910
騎手:丹内祐次,2025-03-29,202506030111,日経賞,重賞,マイネルエンペラー,740
騎手:丹内祐次,2025-04-20,202506030807,4歳以上1勝クラス,,エコロエイト,3440
騎手:今村聖奈,2025-05-25,202504010806,3歳未勝利,,トラストモアリズム,10690
騎手:今村聖奈,2025-07-27,202504020211,3歳未勝利,,イスラコラソン,3060
騎手:今村聖奈,2025-10-19,202504040203,3歳以上1勝クラス,,インフローレ,3360
騎手:今村聖奈,2025-12-21,202506050602,2歳未勝利,,ヘルメスギャング,7190
騎手:佐々木大,2025-08-10,202507030607,CBC賞,重賞,インビンシブルパパ,1390
騎手:佐々木大,2025-08-09,202501010511,エルムS,重賞,ペリエール,890
騎手:佐々木大,2025-06-29,202502010611,函館記念,重賞,ヴェローチェエラ,1300
騎手:佐々木大,2025-01-12,202506010403,3歳未勝利,,クラウンウルル,3250
騎手:佐々木大,2025-09-27,202506040804,2歳新馬,,ケントン,3060
騎手:佐々木大,2025-12-14,202506050407,2歳1勝クラス,,ケイアイアギト,4080
騎手:内田博幸,2025-05-04,202505020412,4歳以上2勝クラス,,キュムロンニンバス,9730
騎手:内田博幸,2025-10-12,202505040404,2歳新馬,,レイオブファイア,3860
騎手:内田博幸,2025-10-19,202505040710,西湖特別,,クールブロン,5750
騎手:北村友一,2025-03-23,202507020411,愛知杯,重賞,ワイドラトゥール,2550
騎手:北村友一,2025-07-12,202502010909,北斗特別,,バルティカ,4720
騎手:北村友一,2025-06-01,202505021211,日本ダービー,G1,クロワデュノール,210
騎手:原優介,2025-08-24,202504030205,2歳新馬,,コスモエルヴァル,3450
騎手:原優介,2025-05-17,202505020712,4歳以上1勝クラス,,プチボヌール,3860
騎手:原優介,2025-10-05,202505040203,2歳未勝利,,フェーダーローター,25740
騎手:原優介,2025-11-29,202505050703,2歳未勝利,,ブリガンティン,9790
騎手:原優介,2025-03-22,202506020712,4歳以上2勝クラス,,スマイルアップ,27990
騎手:古川吉洋,2025-05-17,202504010511,新潟大賞典,重賞,シリウスコルト,1960
騎手:古川吉洋,2025-02-15,202508010504,3歳未勝利,,ソルトチューダ,3650
騎手:古川吉洋,2025-03-09,202509010410,淀屋橋S,,ツインクルトーズ,3290
騎手:古川吉洋,2025-03-01,202510011101,3歳未勝利,,メイショウピリカ,24620
騎手:吉村誠之,2025-02-16,202508010605,3歳未勝利,,オデット,15630
騎手:吉村誠之,2025-05-03,202508020311,ユニコーンS,重賞,カナルビーグル,600
騎手:吉村誠之,2025-11-08,202508040109,亀岡特別,,ジャスパーバローズ,8850
騎手:吉村誠之,2025-11-24,202503030607,3歳以上1勝クラス,,レグザゴン,4130
騎手:吉村誠之,2025-04-05,202509020311,チャーチルダウンズC,重賞,ランスオブカオス,300
騎手:吉田豊,2025-07-26,202504020109,3歳未勝利,,ヒルビリーエレジー,3580
騎手:和田竜二,2025-05-11,202508020608,4歳以上1勝クラス,,メイショウザンゲツ,3320
騎手:和田竜二,2025-12-27,202509050704,2歳未勝利,,フレイムスター,5180
騎手:和田竜二,2025-07-19,202510020707,3歳以上1勝クラス,,レディメローラ,4050
騎手:和田陽希,2025-08-30,202501020306,3歳未勝利,,スタードメイソン,10830
騎手:和田陽希,2025-05-31,202508021104,3歳未勝利,,ダンツアトム,13760
騎手:団野大成,2025-07-06,202510020411,北九州記念,重賞,ヤマニンアルリフラ,570
騎手:坂井瑠星,2025-08-31,202504030411,新潟記念,重賞,シランケド,340
騎手:坂井瑠星,2025-12-07,202507050211,チャンピオンズC,G1,ダブルハートボンド,730
騎手:坂井瑠星,2025-11-09,202508040211,みやこS,重賞,ダブルハートボンド,600
騎手:坂井瑠星,2025-11-15,202508040311,デイリー杯2歳S,重賞,アドマイヤクワッズ,260
騎手:坂井瑠星,2025-06-22,202509030611,しらさぎS,重賞,キープカルム,800
騎手:坂井瑠星,2025-02-16,202505010611,共同通信杯,重賞,マスカレードボール,380
騎手:坂井瑠星,2025-10-11,202505040311,サウジアラビアRC,重賞,エコロアルバ,360
騎手:大野拓弥,2025-05-24,202505020907,4歳以上1勝クラス,,アームテイル,5880
騎手:大野拓弥,2025-06-07,202505030110,由比ケ浜特別,,アームテイル,3910
騎手:大野拓弥,2025-06-15,202505030404,3歳未勝利,,ザカート,9410
騎手:小崎綾也,2025-03-29,202507020508,4歳以上1勝クラス,,エーデルサンライズ,10300
騎手:小崎綾也,2025-07-05,202510020311,マレーシアC,,グランアルティスタ,9950
騎手:小崎綾也,2025-04-27,202505020209,湘南S,,ハクサンバード,3350
騎手:小林美駒,2025-04-12,202503010107,4歳以上1勝クラス,,ファイントパーズ,5280
騎手:小林美駒,2025-04-26,202503010503,3歳未勝利,,ティティナ,7000
騎手:小林美駒,2025-06-29,202502010601,2歳未勝利,,シーグルロス,5030
騎手:小沢大仁,2025-11-24,202503030602,3歳以上1勝クラス,,ステラスプレンダー,11170
騎手:小沢大仁,2025-01-25,202510010110,企救丘特別,,ポワンキュルミナン,3120
騎手:小沢大仁,2025-02-02,202510010409,戸畑特別,,イケイケドンドン,7320
騎手:小沢大仁,2025-06-21,202505030501,3歳未勝利,,メリーサウンド,4110
騎手:岩田康誠,2025-08-16,202501010707,3歳以上1勝クラス,,ラーシャローム,3480
騎手:岩田康誠,2025-04-27,202508020211,マイラーズC,重賞,ロングラン,1020
騎手:岩田康誠,2025-03-08,202509010307,4歳以上1勝クラス,,サンライズウェーヴ,3440
騎手:岩田康誠,2025-09-27,202509040811,シリウスS,重賞,ホウオウルーレット,2350
騎手:岩田望来,2025-08-23,202504030109,岩室温泉特別,,サトノガレオン,4990
騎手:岩田望来,2025-03-22,202507020311,ファルコンS,重賞,ヤンキーバローズ,630
騎手:岩田望来,2025-02-16,202508010611,京都記念,重賞,ヨーホーレイク,950
騎手:岩田望来,2025-05-03,202508020303,3歳未勝利,,レディーミコノス,3710
騎手:岩田望来,2025-05-31,202508021111,葵S,重賞,アブキールベイ,6050
騎手:岩田望来,2025-12-06,202509050111,鳴尾記念,重賞,デビットバローズ,430
騎手:岩田望来,2025-10-12,202505040411,アイルランドT,重賞,ラヴァンダ,700
騎手:岩田望来,2025-03-30,202506030211,マーチS,重賞,ブライアンセンス,460
騎手:川田将雅,2025-03-16,202507020211,金鯱賞,重賞,クイーンズウォーク,820
騎手:川田将雅,2025-08-03,202501010411,クイーンS,重賞,アルジーヌ,290
騎手:川田将雅,2025-05-10,202508020511,京都新聞杯,重賞,ショウヘイ,1070
騎手:川田将雅,2025-11-23,202508040611,マイルCS,G1,ジャンタルマンタル,180
騎手:川田将雅,2025-09-07,202509040211,セントウルS,重賞,カンチェンジュンガ,1940
騎手:川田将雅,2025-09-14,202509040411,ローズS,重賞,カムニャック,290
騎手:川田将雅,2025-09-21,202509040711,神戸新聞杯,重賞,エリキング,270
騎手:川田将雅,2025-06-08,202505030211,安田記念,G1,ジャンタルマンタル,430
騎手:川田将雅,2025-10-25,202505040811,アルテミスS,重賞,フィロステファニ,390
騎手:川田将雅,2025-03-01,202506020111,オーシャンS,重賞,ママコチャ,270
騎手:幸英明,2025-03-30,202507020609,4歳以上1勝クラス,,グラティアスミノル,3360
騎手:幸英明,2025-02-22,202508010711,阪急杯,重賞,カンチェンジュンガ,1860
騎手:幸英明,2025-05-17,202508020711,鞍馬S,,オタルエバー,3270
騎手:幸英明,2025-04-12,202509020509,明石特別,,ミアステラ,6090
騎手:幸英明,2025-06-21,202509030507,3歳以上1勝クラス,,ミントマーク,3100
騎手:幸英明,2025-05-10,202505020511,エプソムC,重賞,セイウンハーデス,1320
騎手:戸崎圭太,2025-11-16,202508040411,エリザベス女王杯,G1,レガレイラ,230
騎手:戸崎圭太,2025-06-14,202502010111,函館スプリントS,重賞,カピリナ,620
騎手:戸崎圭太,2025-02-22,202505010711,ダイヤモンドS,重賞,ヘデントール,190
騎手:戸崎圭太,2025-01-12,202506010411,フェアリーS,重賞,エリカエクスプレス,590
騎手:戸崎圭太,2025-01-26,202506010911,AJCC,重賞,ダノンデサイル,260
騎手:戸崎圭太,2025-03-22,202506020711,フラワーC,重賞,レーゼドラマ,1440
騎手:戸崎圭太,2025-09-15,202506040511,セントライト記念,重賞,ミュージアムマイル,260
騎手:戸崎圭太,2025-09-21,202506040711,オールカマー,重賞,レガレイラ,330
騎手:戸崎圭太,2025-12-06,202506050111,ステイヤーズS,重賞,ホーエリート,440
騎手:斎藤新,2025-03-22,202507020309,金山特別,,コスモエクスプレス,10070
騎手:斎藤新,2025-11-24,202503030605,2歳新馬,,ファンクション,3050
騎手:斎藤新,2025-03-30,202509020209,四国新聞杯,,レディベル,5760
騎手:斎藤新,2025-06-22,202502010411,UHB杯,,オードゥメール,5960
騎手:斎藤新,2025-07-05,202502010704,3歳未勝利,,スペシャルバニー,3200
騎手:斎藤新,2025-05-18,202505020812,BSイレブン賞,,サンライズパスカル,5980
騎手:木幡巧也,2025-07-13,202503020610,天の川S,,ノーブルゲイル,7070
騎手:木幡巧也,2025-06-29,202502010612,湯の川温泉特別,,トウカイファクター,3420
騎手:木幡巧也,2025-09-06,202506040111,京成杯AH,重賞,ホウオウラスカーズ,8950
騎手:木幡巧也,2025-12-28,202506050801,2歳未勝利,,ピュール,9670
騎手:杉原誠人,2025-08-02,202504020305,3歳未勝利,,ガールネクストドア,7510
騎手:杉原誠人,2025-11-09,202503030207,3歳以上1勝クラス,,ホウオウブースター,3070
騎手:杉原誠人,2025-01-25,202510010111,小倉牝馬S,重賞,シンティレーション,410
騎手:杉原誠人,2025-03-09,202506020411,弥生賞ディープインパクト記念,重賞,ファウストラーゼン,1690
騎手:杉原誠人,2025-04-19,202506030712,葛飾特別,,グレタ,3600
騎手:松山弘平,2025-08-10,202504020607,レパードS,重賞,ドンインザムード,890
騎手:松山弘平,2025-01-06,202507010204,3歳1勝クラス,,ドンインザムード,5570
騎手:松山弘平,2025-01-12,202507010407,3歳1勝クラス,,マテンロウコマンド,3600
騎手:松山弘平,2025-08-24,202501020211,キーンランドC,重賞,パンジャタワー,550
騎手:松山弘平,2025-05-24,202508020911,平安S,重賞,アウトレンジ,600
騎手:松山弘平,2025-04-12,202509020511,阪神牝馬S,重賞,サフィラ,2970
騎手:松山弘平,2025-12-14,202509050411,阪神JF,G1,スターアニス,500
騎手:松山弘平,2025-05-11,202505020611,NHKマイルC,G1,パンジャタワー,2610
騎手:松岡正海,2025-04-26,202505020102,3歳未勝利,,アイアムイチバン,3200
騎手:松岡正海,2025-03-02,202506020209,富里特別,,ヴルカーノ,4120
騎手:松本大輝,2025-08-10,202501010602,3歳未勝利,,メイショウハボマイ,3010
騎手:松本大輝,2025-10-05,202508030207,3歳以上1勝クラス,,フォーキャンドルズ,3540
騎手:松本大輝,2025-11-09,202505050211,アルゼンチン共和国杯,重賞,ミステリーウェイ,2770
騎手:松若風馬,2025-08-17,202507030805,3歳未勝利,,アイブリンク,3760
騎手:松若風馬,2025-03-16,202509010605,3歳未勝利,,ヴィーナスバブル,22340
騎手:松若風馬,2025-09-21,202509040705,2歳新馬,,バークシャーシチー,3670
騎手:松若風馬,2025-07-20,202510020811,小倉記念,重賞,イングランドアイズ,1630
騎手:柴田大知,2025-05-18,202504010612,4歳以上1勝クラス,,バンブトンプロ,8980
騎手:柴田大知,2025-07-06,202503020404,2歳新馬,,リネンタイリン,4310
騎手:柴田大知,2025-07-13,202503020611,七夕賞,重賞,コスモフリーゲン,420
騎手:柴田裕一,2025-05-03,202504010103,3歳未勝利,,テイエムパイロット,4300
騎手:柴田裕一,2025-02-15,202510010702,3歳未勝利,,ヴェントゥーラ,3260
騎手:横山和生,2025-04-06,202509020411,大阪杯,G1,ベラジオオペラ,510
騎手:横山和生,2025-01-19,202506010710,ジャニュアリーS,,ジャスパーゴールド,19510
騎手:横山武史,2025-08-17,202507030807,中京記念,重賞,マピュース,870
騎手:横山武史,2025-08-02,202501010311,STV賞,,エープラス,4160
騎手:横山武史,2025-02-02,202505010211,根岸S,重賞,コスタノヴァ,460
騎手:横山武史,2025-02-16,202505010610,バレンタインS,,ロードエクレール,3490
騎手:横山武史,2025-05-03,202505020311,京王杯SC,重賞,トウシンマカオ,410
騎手:横山武史,2025-10-18,202505040611,富士S,重賞,ガイアフォース,710
騎手:横山琉人,2025-04-13,202503010208,4歳以上1勝クラス,,ニシノクラウン,5410
騎手:横山琉人,2025-01-11,202506010305,3歳新馬,,エナジーショット,4340
騎手:武豊,2025-07-27,202507030207,東海S,重賞,ヤマニンウルス,750
騎手:武豊,2025-03-01,202509010111,仁川S,,ルクスフロンティア,3100
騎手:武豊,2025-06-15,202509030411,宝塚記念,G1,メイショウタバル,1140
騎手:武豊,2025-12-06,202509050108,3歳以上2勝クラス,,メイショウツヨキ,3640
騎手:武豊,2025-06-01,202505021212,目黒記念,重賞,アドマイヤテラ,330
騎手:池添謙一,2025-01-12,202507010410,新春S,,ヒルノローザンヌ,5010
騎手:池添謙一,2025-09-06,202501020511,札幌2歳S,重賞,ショウナンガルフ,340
騎手:池添謙一,2025-05-10,202508020503,3歳未勝利,,クイーンズデイ,4120
騎手:池添謙一,2025-03-08,202509010311,フィリーズレビュー,重賞,ショウナンザナドゥ,670
騎手:池添謙一,2025-03-23,202509010811,阪神大賞典,重賞,サンライズアース,570
騎手:池添謙一,2025-03-30,202509020211,六甲S,,ダディーズビビッド,3370
騎手:津村明秀,2025-08-24,202504030211,新潟2歳S,重賞,リアライズシリウス,230
騎手:津村明秀,2025-11-22,202503030511,福島記念,重賞,ニシノティアモ,390
騎手:津村明秀,2025-02-08,202505010311,早春S,,マイネルカンパーナ,6580
騎手:津村明秀,2025-05-11,202505020604,3歳未勝利,,テンミラクルスター,5020
騎手:津村明秀,2025-10-05,202505040211,毎日王冠,重賞,レーベンスティール,770
騎手:津村明秀,2025-10-13,202505040505,2歳新馬,,スタニングレディ,3060
騎手:津村明秀,2025-01-06,202506010206,3歳未勝利,,マイネルゼウス,4890
騎手:津村明秀,2025-01-06,202506010207,3歳1勝クラス,,ゴーソーファー,3650
騎手:津村明秀,2025-01-19,202506010711,京成杯,重賞,ニシノエージェント,4940
騎手:浜中俊,2025-01-13,202507010511,シンザン記念,重賞,リラエンブレム,470
騎手:浜中俊,2025-10-05,202508030211,京都大賞典,重賞,ディープモンスター,1130
騎手:浜中俊,2025-02-23,202505010808,4歳以上2勝クラス,,フライングブレード,3920
騎手:浜中俊,2025-06-22,202505030611,府中牝馬S,重賞,セキトバイースト,710
騎手:田口貫太,2025-04-27,202508020210,センテニアル,,ホウオウラスカーズ,6780
騎手:田口貫太,2025-10-19,202508030706,3歳以上1勝クラス,,ミッションルース,17040
騎手:田口貫太,2025-11-09,202508040210,貴船S,,アガシ,3500
騎手:田山旺佑,2025-05-11,202508020605,3歳未勝利,,サンライズバブル,3290
騎手:田山旺佑,2025-11-16,202508040401,2歳未勝利,,エイシンビリオン,3710
騎手:田山旺佑,2025-09-14,202509040403,3歳未勝利,,ミライエイゴウ,3640
騎手:石川裕紀,2025-08-23,202504030110,飯豊特別,,ラテラルシンキング,3220
騎手:石川裕紀,2025-02-08,202505010310,テレビ山梨杯,,コスモアディラート,5090
騎手:石川裕紀,2025-04-12,202506030511,ニュージーランドT,重賞,イミグラントソング,550
騎手:石橋脩,2025-06-14,202505030307,3歳未勝利,,ブラーブデシジョン,4020
騎手:石橋脩,2025-03-16,202506020611,スプリングS,重賞,ピコチャンブラック,410
騎手:石田拓郎,2025-02-16,202510010801,3歳未勝利,,サザンティスプーン,5600
騎手:石田拓郎,2025-12-13,202506050306,2歳新馬,,タイセイエムロード,20570
騎手:石神深道,2025-05-10,202504010305,3歳未勝利,,マニス,4280
騎手:石神深道,2025-07-26,202504020102,2歳新馬,,ヒルデグリム,6950
騎手:石神深道,2025-11-09,202503030208,3歳以上1勝クラス,,バーケンヘッド,5710
騎手:秋山稔樹,2025-08-09,202507030503,2歳未勝利,,フレンドモナコ,5370
騎手:秋山稔樹,2025-08-31,202507040403,3歳未勝利,,メイショウアイル,3270
騎手:秋山稔樹,2025-02-02,202510010411,門司S,,ホールシバン,9430
騎手:舟山瑠泉,2025-11-08,202503030106,3歳以上1勝クラス,,バセリーナ,7230
騎手:舟山瑠泉,2025-12-14,202506050412,3歳以上1勝クラス,,ウィンターベル,3050
騎手:荻野極,2025-05-25,202504010805,3歳未勝利,,ストラニエーロ,4380
騎手:荻野極,2025-07-26,202504020110,3歳以上1勝クラス,,ドナレア,3910
騎手:荻野極,2025-07-26,202504020112,3歳未勝利,,ポッドロルフ,4190
騎手:荻野極,2025-07-19,202503020708,3歳未勝利,,エテルニータ,5070
騎手:荻野極,2025-10-04,202505040109,八ケ岳特別,,サトノヴィレ,7870
騎手:菅原明良,2025-10-13,202508030511,スワンS,重賞,オフトレイル,750
騎手:菅原明良,2025-02-09,202505010411,東京新聞杯,重賞,ウォーターリヒト,740
騎手:菅原明良,2025-10-11,202505040306,2歳新馬,,セイントエルモズ,6590
騎手:菊沢一樹,2025-05-10,202504010310,荒川峡特別,,マイネルシーマー,3490
騎手:菊沢一樹,2025-10-19,202504040209,松浜特別,,ジャンビ,3350
騎手:菊沢一樹,2025-02-01,202510010306,3歳未勝利,,セサンパ,9200
騎手:菊沢一樹,2025-02-02,202510010403,4歳以上1勝クラス,,ジェイエルバルカー,3220
騎手:菊沢一樹,2025-06-14,202505030310,夏至S,,アルムラトゥール,4770
騎手:菊沢一樹,2025-06-15,202505030411,パラダイスS,,カリボール,20720
騎手:菱田裕二,2025-08-17,202507030806,大垣特別,,タイセイレスポンス,4000
騎手:菱田裕二,2025-09-15,202509040505,2歳新馬,,アイガーリー,3330
騎手:藤岡佑介,2025-07-05,202502010703,3歳未勝利,,モルビド,5700
騎手:藤岡佑介,2025-01-05,202506010111,中山金杯,重賞,アルナシーム,840
騎手:西塚洸二,2025-09-07,202506040211,紫苑S,重賞,ケリフレッドアスク,2490
騎手:西村淳也,2025-01-12,202507010406,3歳未勝利,,レーゼドラマ,5890
騎手:西村淳也,2025-01-19,202507010711,日経新春杯,重賞,ロードデルレイ,720
騎手:西村淳也,2025-02-09,202508010411,きさらぎ賞,重賞,サトノシャイニング,270
騎手:西村淳也,2025-02-16,202508010610,北山S,,コンティノアール,3870
騎手:西村淳也,2025-11-08,202508040110,清水S,,フロムダスク,7020
騎手:角田大和,2025-10-26,202508030906,3歳以上1勝クラス,,アンビシャスヨシノ,9190
騎手:角田大和,2025-09-20,202509040611,大阪スポーツ杯,,スターペスカオリ,6750
騎手:酒井学,2025-10-19,202508030710,京都競馬場開設100周年記念,,グランフォーブル,11650
騎手:酒井学,2025-03-01,202509010108,4歳以上2勝クラス,,ピジョンブラッド,3060
騎手:酒井学,2025-03-02,202509010211,チューリップ賞,重賞,クリノメイ,3930
騎手:長浜鴻緒,2025-04-20,202509020812,4歳以上2勝クラス,,タガノチョコラータ,3900
騎手:長浜鴻緒,2025-05-31,202505021108,4歳以上1勝クラス,,サンドオブエテル,6140
騎手:長浜鴻緒,2025-01-05,202506010107,4歳以上1勝クラス,,アンブロジアーナ,3080
騎手:高杉吏麒,2025-08-23,202507040105,2歳新馬,,アルスマグナ,3350
騎手:高杉吏麒,2025-02-02,202508010207,4歳以上1勝クラス,,メイショウトム,7610
騎手:高杉吏麒,2025-10-13,202508030503,2歳未勝利,,ネネキリマル,4550
騎手:高杉吏麒,2025-11-30,202508040811,オータムリーフS,,ハッピーマン,3590
騎手:高杉吏麒,2025-03-02,202509010205,3歳未勝利,,エバーグルーヴ,3260
騎手:高杉吏麒,2025-12-14,202509050410,竹田城S,,ロードプレジール,3010
騎手:高杉吏麒,2025-07-13,202510020602,3歳未勝利,,ノボリリア,5210
騎手:鮫島克駿,2025-01-26,202507010911,プロキオンS,重賞,サンデーファンデー,970
騎手:鮫島克駿,2025-11-22,202503030502,3歳以上1勝クラス,,ビーアイフォルテ,6350
騎手:鮫島克駿,2025-06-22,202502010404,3歳未勝利,,ゼットエイト,5820
騎手:鮫島克駿,2025-06-22,202502010407,3歳以上1勝クラス,,ドゥカート,3070
騎手:鮫島克駿,2025-12-14,202506050411,カペラS,重賞,テーオーエルビス,320
騎手:黛弘人,2025-03-01,202510011112,4歳以上1勝クラス,,ハピアーザンエバー,3560
