date,1番人気 単勝,最低人気 単勝,1→2→3番人気 三連単,騎手:ルメール,騎手:三浦皇成,騎手:丸山元気,騎手:丸田恭介,騎手:丹内祐次,騎手:今村聖奈,騎手:佐々木大,騎手:内田博幸,騎手:北村友一,騎手:原優介,騎手:古川吉洋,騎手:吉村誠之,騎手:吉田豊,騎手:和田竜二,騎手:和田陽希,騎手:団野大成,騎手:坂井瑠星,騎手:大野拓弥,騎手:小崎綾也,騎手:小林美駒,騎手:小沢大仁,騎手:岩田康誠,騎手:岩田望来,騎手:川田将雅,騎手:幸英明,騎手:戸崎圭太,騎手:斎藤新,騎手:木幡巧也,騎手:杉原誠人,騎手:松山弘平,騎手:松岡正海,騎手:松本大輝,騎手:松若風馬,騎手:柴田大知,騎手:柴田裕一,騎手:横山和生,騎手:横山武史,騎手:横山琉人,騎手:武藤雅,騎手:武豊,騎手:永島まな,騎手:池添謙一,騎手:津村明秀,騎手:浜中俊,騎手:田口貫太,騎手:田山旺佑,騎手:石川裕紀,騎手:石橋脩,騎手:石田拓郎,騎手:石神深道,騎手:秋山稔樹,騎手:舟山瑠泉,騎手:荻野極,騎手:菅原明良,騎手:菊沢一樹,騎手:菱田裕二,騎手:藤岡佑介,騎手:西塚洸二,騎手:西村淳也,騎手:角田大和,騎手:遠藤汰月,騎手:酒井学,騎手:長浜鴻緒,騎手:高杉吏麒,騎手:鮫島克駿,騎手:黛弘人
2025-01-05,-1450,-2400,620,0,-400,-300,-100,-1000,-200,-1000,-400,-700,-100,-300,-700,780,0,0,-330,520,540,-100,-400,-300,0,-580,-300,-310,-1000,-300,330,-500,230,-600,0,0,-500,-300,-230,-700,-100,-300,-700,-300,-400,-400,270,-800,0,-400,-400,220,-500,-100,0,-400,-800,-600,-500,340,0,-800,-400,0,-100,2480,-10,-800,-400
2025-01-06,-2450,-4800,-1780,0,-1000,-1000,20690,6110,-200,-1600,-700,-1100,-400,-800,-760,580,0,0,-730,1880,1160,-600,-700,-700,0,-1000,-1000,-1110,-1550,-600,-170,-700,6150,-700,-100,0,-800,-500,-630,-1400,-300,-700,-1040,-600,-900,7740,310,-1300,0,-150,-330,20,-800,-400,0,-500,-1700,-1100,-1200,140,0,-990,-800,0,-700,1980,-310,220,-600
2025-01-11,-2320,-7200,-4180,0,-1400,-950,20390,5110,-300,-2250,-1200,-530,-1100,-1000,-830,-20,0,0,470,1110,460,-700,-1100,-900,0,-1700,-1200,-1810,-1970,-800,-1070,-1000,5840,-900,-200,0,-1300,-700,-1230,-1290,3640,-1000,-1020,-1200,-1300,7040,210,-2000,0,-350,-630,20,-1300,-500,0,-600,-2700,-1800,-1600,930,0,-1390,-1000,0,-1100,1900,-910,-480,-700
2025-01-12,-2640,-9600,-6580,0,-1800,-1550,20090,5440,-400,100,-1310,-630,-1500,-1500,-1030,-50,0,0,170,1140,-140,-1000,-1300,-1300,0,-1550,-1490,-2610,-2080,-1200,-1670,-1100,8540,-1300,-300,0,-1500,-700,-1930,-1910,3540,-1200,-1600,-1800,3210,6540,-190,-2900,0,-850,-930,-80,-1400,-700,0,-900,-3300,-2400,-2400,2850,0,3700,-1600,0,-1600,1400,-1610,-150,-1000
2025-01-13,-3210,-1590,-8980,0,-2300,-1750,20070,4940,-500,-1000,-2010,-1330,-1900,-1600,-1830,-350,0,0,370,530,-740,-1200,-1500,-1600,0,-1550,-1580,-3510,-2780,-1300,-1670,-1400,9010,-1800,-400,0,-1700,-700,-1190,-2810,3890,-1600,-2300,-2400,2510,5740,-120,-3500,0,-1050,-1530,-380,-1900,-800,0,-1200,-3460,-2800,-2600,3510,0,3820,900,0,-1900,900,50,-750,-1100
2025-01-18,-4170,-3890,-11280,-500,990,-2050,19470,4400,-600,-1700,-2510,-720,-2300,-1900,-2420,-550,0,0,-130,-270,-1340,-1400,-1600,-2100,0,-1950,-1480,-4410,-3680,-1500,-710,-1600,9080,-2000,-700,0,-2000,-800,-1590,-3420,3690,-2300,-1460,-2800,2210,5140,-320,-4000,0,-1150,-1830,-780,-2200,-900,0,-1700,-2040,-3400,-3100,3110,0,3260,400,0,-2200,400,-360,-1450,-1400
2025-01-19,-5200,-6190,-11990,-970,290,-2250,19070,3800,-700,-1690,-2910,-1020,-3000,-2400,-1390,-650,0,0,-930,-360,-1740,-1900,-1900,-2300,-400,-2250,-1720,-4910,-2800,-1910,-1310,-2100,8760,-2200,-700,0,-1820,-1200,17740,-3720,3490,-2400,-2160,-2260,1910,9680,-520,-4350,0,-1550,-1930,-980,-2500,-1200,0,-2200,-2940,-3600,-3800,2910,0,3880,0,0,-2500,-100,-560,-1860,-1400
2025-01-25,-4570,-9790,-12410,-1190,740,-2750,18470,5520,-900,-2390,-3510,-1820,-3500,-3100,-2290,-1350,0,0,-1150,-120,-2540,-2300,-2200,220,-680,-1510,-1960,-5670,-2890,-2410,-2210,-1750,8060,-2700,-800,0,-2520,-1500,17450,-2550,3450,-3000,-2160,-2950,1310,9180,-1220,-5050,0,-2150,-2190,-1180,-2900,-1500,0,-2700,-3940,-4000,-4800,2410,0,3220,-500,0,-3300,-900,-1460,-2560,-1500
2025-01-26,-5350,-13390,-16010,-1300,-160,-2560,18170,5780,-450,-2100,-2960,-2410,-3800,-3900,-2290,-1850,0,0,-1450,-1220,-3140,-2900,-2110,-50,-1180,-2210,-1600,-6570,-2680,-3120,-2910,-2450,9500,-3300,-1300,0,-2720,-2300,16950,-3350,2950,-3200,-2160,-3650,610,8990,-1420,-6150,0,-2750,-2590,-1880,-3100,-1700,0,-3200,-4640,-4700,-5700,2060,0,2270,380,0,-3900,-1600,-1560,-2690,-2100
2025-02-01,-7180,-16990,-19610,-1300,4380,-3160,17970,4880,-550,-2800,-3460,-2910,-3940,-3600,-3090,-2250,0,0,-2050,-830,-3840,-2650,-2510,-550,-1780,-2500,-2100,-7170,-3480,-3820,-2530,-2850,9240,-3500,-1500,0,-3120,-2800,16250,-3980,2850,-2850,-2160,-4450,210,8880,-1720,-7050,0,-2700,-1880,-2580,-3400,-2300,0,-3900,-5440,4510,-5820,1800,0,1480,-420,0,-4500,-2200,-960,-2590,-2600
2025-02-02,-8740,-20590,-21430,-1300,5370,-3760,17370,3880,-950,-2430,-4160,-3610,-3310,-2530,-3410,-2850,0,0,-2950,-1360,-4340,-2570,-2910,5970,-1490,-3000,-2340,-4920,-4280,-4720,-3230,-3250,8340,-4100,-1120,0,-3320,-3500,16410,-3990,2750,-3350,-2160,-4650,10,8180,-1870,-7590,0,-3100,-2380,-3080,-3700,6430,0,-4700,-5930,7170,-6720,1500,0,480,-1220,0,-5100,-2900,5950,-3590,-3200
2025-02-08,-8470,-22990,-23830,-1450,4880,-4560,16770,3320,-950,-3430,-5060,-3610,-4110,-2530,-3410,-3850,0,0,-2950,-1360,-5040,-2870,-3110,5170,-1990,-3000,-2340,-4920,-4710,-5420,-4130,-3950,8340,-3520,-1320,-10,-3820,-3900,15990,-4590,3370,-4050,-2160,-5450,10,13960,-1870,-7590,0,1440,-2380,-2610,-4200,5930,0,-5000,-6930,6570,-6720,2870,0,480,-2020,0,-5500,-3700,5950,-3590,-3700
2025-02-09,-9860,-26590,-22470,-1610,4380,-5460,17860,2320,-1250,-4530,-5860,-3490,-4810,-3030,-4310,-4050,-500,0,-3790,-1960,-5320,-3070,-3040,5490,-2710,-3400,-2700,-5470,-5710,-5990,-4830,-3970,7340,-3720,-1520,-710,-4120,-4400,15190,-5290,3070,-4450,-2360,-6150,-690,13160,-2370,-7590,0,840,-2380,-3110,-3380,6920,0,-5360,-6570,5570,-5160,3880,0,990,-2420,0,-5800,-4200,6050,-3820,-4200
2025-02-10,-10300,-27790,-22660,-1610,4380,-5460,17860,2320,-1550,-4530,-5860,-4090,-4810,-3330,-5210,-4050,-700,0,-4100,-2170,-5320,-3070,-3040,5490,-2710,-3410,-2160,-6370,-5710,-5990,-4830,-3970,6750,-3720,-1520,-710,-4120,-4400,15190,-5290,3070,-4450,-2550,-6150,-1090,13160,-1700,-7590,0,840,-2380,-3110,-3380,6920,0,-5360,-6570,5570,-5490,3880,0,290,-2420,0,-5800,-4200,5450,-3890,-4200
2025-02-15,-10570,-31390,-23750,-1520,3780,-5850,17360,2570,-1750,-5000,-6460,-3910,-5390,-180,-3970,-4550,-1500,0,-4100,-2790,-5820,-3170,-3240,4790,-3510,-3820,-1090,-7370,-5750,-6690,-5330,-4170,6380,-1130,-1820,1540,-4520,-1840,14790,-5650,2670,-4550,-3150,-4740,-1290,12460,-2100,-8690,0,340,-2380,-3510,-3300,6990,0,-6060,-7570,4870,-5490,3400,-400,600,-2820,0,-6600,-5000,4550,-4790,-4600
2025-02-16,-10400,-25240,-19560,-2120,3080,-6650,17470,2230,-2150,-3910,-7260,-4510,-5400,-680,10760,-5150,-2200,0,-4100,-3210,-6620,-3570,-3740,3990,-4110,-3540,-1130,-8170,-6250,-7390,-5830,-4570,5480,-1630,-2220,1040,-4820,-2040,15270,-50,2730,-4850,-3550,-5160,-1360,12060,-2400,-7240,0,-60,-2380,1690,-3900,6190,0,-6960,-8490,4070,-5490,3820,-700,3370,-3520,0,-6700,-4270,3450,-4300,-5400
2025-02-22,-10640,-28840,-20030,-2120,3080,-7350,17070,1830,-2350,-4410,-8160,-5200,-5920,-770,9760,-5650,-2580,0,-4100,-3210,-7220,-3120,-4040,3560,-5010,-3130,-1130,-6950,-6480,-7460,-6630,-5070,5480,-2330,-2340,340,-5320,-2640,14860,370,2330,-5450,-3550,-5160,-1860,12060,-2900,-8340,0,-860,-2780,1290,-4400,5390,0,-6740,-8490,3370,-5490,4010,-1400,3370,-4220,0,-7300,-4530,2950,-5360,-5900
2025-02-23,-10440,-32440,-19350,-2120,3080,-7500,16470,2180,-2550,-5040,-8660,-4660,-6420,-1270,8760,-6050,-3280,0,-4100,-3210,-7920,-3420,-4540,3280,-5770,-3360,-1130,-7750,-6530,-7760,-7330,-5670,5480,-2630,-2740,-60,-5720,-2970,14910,80,2130,-4660,-3550,-5160,-2660,12060,520,-7390,0,-1460,-3080,690,-4810,4690,0,-6160,-8490,2610,-5490,3610,-540,3370,-4720,0,-7700,-5030,1950,-6060,-6200
2025-03-01,-11180,-11220,-22750,-2720,6480,-7640,15770,1640,-2950,-4870,-9260,-5060,-6920,23290,7860,-6040,-3980,-500,-4900,-4010,-8720,-3920,-5040,3060,-3640,-3720,-1190,-8750,-7400,-8360,-8030,-6170,7830,-2930,-3040,-560,-6120,-3570,15370,-510,1330,-5160,-830,-5660,-2870,11260,220,-8190,-200,-1960,-3080,190,-5210,4090,-300,-6760,-8720,2640,-5890,3250,-1140,2770,-5220,-400,-5040,-2480,1250,-6280,-3140
2025-03-02,-12820,-14720,-23960,-3110,6110,-7790,15270,640,-3050,-5520,-9660,-5560,-7420,23510,7060,-6640,-4880,-800,-5700,-4570,-9300,-4720,-5410,2060,-3910,-4100,-1690,-9750,-7910,-7830,-8830,-6570,6830,690,-2830,-1160,-6820,-4070,15020,-1010,1130,-5160,-1530,-5760,-3270,10980,120,-7700,-600,-2360,-3280,-110,-5710,3490,-600,-7260,-9320,2350,-6490,2750,-700,2400,-4610,-800,-1470,-1850,4010,-6840,-3940
2025-03-08,-12820,-17120,-20830,-3210,5710,-7990,14770,-260,-3050,-6420,-9960,-6060,-7820,23410,6360,-6840,-5380,-1000,-6300,-5070,-9700,-5020,-5510,1860,-180,-4240,-1980,-9940,-8450,-8130,-9430,-6300,5930,490,-2830,-1460,-7220,-4270,14620,-850,630,-5460,-1670,-5960,-2800,10680,630,-8300,-600,-2400,-3380,-210,-6210,6080,-670,-7460,-9650,2150,-6590,2670,-900,1740,-4710,-1300,-1670,-2250,3410,-7740,-4040
2025-03-09,-12270,-19520,-23230,-3500,5310,-8190,14670,-1160,-3350,-7020,-10260,-6760,-8520,26300,5760,-6960,-5780,-1200,-7200,-5070,-10200,-5120,-6010,1560,690,-4310,-2040,-7890,-6800,-8230,-9930,-4910,6030,290,-3030,-1960,-7320,-4370,14250,-1350,1850,-5560,-2270,-6460,-3100,10080,330,-8600,-510,-2700,-3680,-510,-6410,5880,-870,-7860,-10070,1650,-6790,2370,-1100,1340,-4910,-1400,-1670,-3050,3240,-8140,-4040
2025-03-15,-13510,-23120,-26830,-3690,4510,-8700,15350,-500,-3850,-6890,-10760,-7310,-8920,25900,8920,-7560,-6380,-1400,-7290,-5470,-11200,-5320,-6610,560,-10,-5010,-2080,-8790,-7500,-9330,-10330,-5310,5810,-110,-3330,-2760,-7520,-5070,13450,-230,1450,-5310,-2590,-7060,-3300,11270,30,-9300,-810,-3170,-4080,-710,-6810,5080,-1070,-8660,-9800,1050,-6750,1870,-1670,1140,-5810,-1800,-240,-3850,2240,-9020,-4540
2025-03-16,-14850,-26720,-30430,-3740,3810,-9200,21200,-1700,-4150,-5900,-10590,-7820,-9820,25500,8120,-7860,-6280,-1600,-8190,-5800,-11700,-5350,-6910,460,-290,-5150,-1610,-9690,-7780,-9930,-11030,-6010,5510,-610,-2850,19080,-7920,-5770,13100,340,850,-6010,-2720,-7660,-4100,10670,-470,-8960,-1110,-4070,-4070,-1110,-7010,4280,-1070,-9060,-10300,650,-7250,1660,-1700,1130,-6310,-2200,1480,-1940,1740,-9620,-5040
2025-03-22,-15440,-30320,-29830,-4320,3410,-8400,20700,-2800,-4250,-5950,-9900,-6230,17570,24600,7120,-8460,-6980,380,-8990,-6500,-12200,-5850,-7410,160,-790,-4910,-1910,-10510,-6720,-460,-11330,-7010,5220,-910,-3050,18580,-8320,-5870,12600,-360,350,-6350,-1910,-8360,-3450,10170,-960,-9760,-1310,-4470,-4370,-1110,-7610,4080,-1070,-9760,-11000,50,-8050,1840,-2300,30,-6370,-2400,1080,-2540,2160,-9110,-5440
2025-03-23,-15120,-33920,-29620,-4140,4120,-8900,20300,-1200,-4350,-6950,-10160,-2780,17220,24000,6600,-8620,-7880,80,-9210,-6240,-12900,-6150,-7330,-840,-1290,-5220,-2710,-9880,-7070,-960,-12130,-7510,4420,-1400,-3150,17880,-8720,-5590,12100,-450,-50,-6550,-2710,-9160,-3580,9570,-1560,-10860,-1710,-3230,-4870,-1110,-8010,3380,-1070,-10460,-10990,-650,-8450,1140,-2900,-570,-6870,-2900,1440,-3240,1400,-9850,-5640
2025-03-29,-14890,-37520,-33220,-4740,3320,-9500,20000,-960,-3120,-7800,-10460,-3080,16620,23900,5900,-9420,-8480,-220,-8130,-6680,-13000,3350,-7530,-1560,-1990,-5820,-2790,-10580,-7090,-1160,-12630,-7840,3720,-1800,-3650,17480,-8720,-6490,11600,-480,-250,-6650,-3110,-9190,-3430,8970,-1460,-11460,-2010,-3530,-5270,-1310,-8510,3380,-1070,-11360,-11470,-1150,-8950,740,-2690,-1170,-6680,-3300,1140,-3940,600,-10090,-6140
2025-03-30,-15880,-41120,-36820,-4980,2720,-10100,20000,-2060,-3220,-8800,-10960,-3880,15820,23300,6250,-9620,-8980,-520,-7090,-7240,-13600,3150,-7630,-2560,-2790,-4880,-2740,-7500,-7500,4100,-13230,-6740,3090,-2400,-4050,16880,-9120,-6890,11520,450,-650,-7050,-3410,-9890,-660,8370,-1750,-12260,-2110,-3090,-5570,-1650,-8300,3380,-1370,-11760,-12370,-330,-9350,640,-2990,-1550,-7180,-3600,540,-4410,-300,-10820,-6240
2025-04-05,-16310,-43520,-33090,-4980,2720,-10400,19700,-1920,-3420,-8680,-11460,-2700,15120,23200,6840,-10120,-9680,-620,-7050,-7240,-13860,2950,-7830,-2560,-3290,-5520,-2740,-8500,-7500,3600,-13830,-7140,3050,-2700,-4250,16680,-9620,-7090,11020,20,-950,-7150,-3410,-9890,-910,8070,-2160,-12760,-2310,-3190,-5670,-1850,-8500,3380,-1470,-12060,-12370,-930,-9410,640,-3190,-2180,-7480,-3800,240,-4910,-1100,-11720,-6540
2025-04-06,-17000,-45920,-33450,-4980,2720,-10700,19300,-2420,-3420,-9080,-12260,-3100,14220,22900,6240,-10520,-10480,-920,-7350,-7240,-14460,2750,-7930,-2560,-3690,-5620,-2740,-8360,-7500,2900,-14630,-7540,2710,-3100,-4350,16380,-9920,-7690,11540,-280,-1050,-7250,-3410,-9890,-1310,7570,-2360,-12460,-2510,-3790,-6070,-1100,-8760,3380,-1670,-9790,-12370,-1130,-9810,640,-3590,-2480,-7220,-3800,1120,-5340,-2000,-12040,-6740
2025-04-12,-18010,-14780,-37050,-4980,2430,-11500,18900,-2310,-3920,-8790,-12560,-4000,13220,22300,5870,-10920,-10980,-1320,-8050,-6630,-14860,2150,-3350,-3360,-3020,-6420,-2720,-1970,-7650,2390,-14810,-8040,5200,-3700,-4850,15780,-10120,-8290,11240,-980,-1750,-7650,-4210,-9890,-1710,6970,-2860,-13260,-2810,-3740,-6380,-1300,-9060,2980,-2270,-9210,-13170,-1730,-10510,3610,-3990,-3080,-7820,-4300,820,-6140,-3000,-12280,-6740
2025-04-13,-18610,-18380,-40650,-4980,2190,-10900,18200,-2750,-3900,-9790,-12710,-3280,12420,22770,5270,-11720,-11880,-1720,-8040,-7530,-15140,2270,-4050,-2870,-3320,-7020,-3120,-1540,-7950,1590,-15610,-8540,5030,-4400,-4950,15080,-10520,-8890,10440,-1080,3060,-7360,-4470,-9890,-1910,6270,-2050,-13860,-2910,-3880,-6640,-1900,-9660,2380,-2490,-9710,-12780,-2530,-11210,3420,-4590,-3080,-8420,-4700,420,-6680,-3390,-12480,-7040
2025-04-19,-18710,-21980,-36840,-5200,1490,-11600,17600,3910,-4180,-10670,-13210,-3450,11720,22070,5930,-12120,-12180,-1820,-8540,-6610,-15640,2170,-4450,-3470,-3620,-7660,-3520,-2540,-8050,890,-16210,-5540,4230,-3940,-5350,14580,-10920,-9090,10020,-810,3300,-7090,-4800,-10890,-2210,5670,-2450,-14660,-3310,-4480,-7240,-2400,-10360,1980,-2890,-10160,-12150,-2990,-11710,3460,-5090,-3480,-9120,-5000,-80,-7380,-3420,-10680,-7440
2025-04-20,-18450,-25580,-40440,-5280,4520,-12400,17300,6250,-4380,-11470,-13910,-1580,11120,21370,5330,-12320,-12780,-1930,-6640,-7210,-16040,1970,-4950,-3670,-3820,-8360,-3820,-3180,-7650,1130,-17010,-6140,3530,-4440,-5750,13980,-11020,-9490,9360,-1510,2700,-7390,-5100,-11270,-2420,4970,-2850,-15360,-3510,-5080,-7940,-2700,-11160,1580,-3690,-11160,-12950,-4090,-11930,3160,-4810,-3780,-8650,-4050,-880,-4080,-4320,-9460,-7940
2025-04-26,-18400,-29180,-44040,-5580,3920,-12800,17000,6140,-5080,-11010,-14610,-2180,10220,22820,5850,-12620,-13380,-2330,-7240,-7500,-16740,1570,1550,-3020,-4220,-9160,-3870,-3830,-7460,2430,-17040,-6740,2830,-1740,-6250,13180,-11320,-7900,9060,-2210,2000,-7690,-5490,-12070,-2820,4470,-3250,-16160,-3710,-5680,-8140,-3200,-11460,1080,-4090,-11760,-13650,-4450,-12530,2560,-3920,-3780,-9150,-4350,-1080,-1980,-4920,-10160,-8040
2025-04-27,-19100,-32780,-46940,-5660,3320,-13400,17490,5320,-5580,-11910,-15210,-2680,9620,22320,5370,-13120,-14090,-2630,-7670,-8060,-15940,4620,1210,-2870,-2940,-7490,-3870,-4530,-7030,2050,-17740,-7440,2230,-2040,-6450,12680,-11420,-8400,8760,-2810,1500,-7890,-4490,-12570,-3020,5210,-3650,-10380,-3810,-5520,-8740,-3700,-11960,1510,-4490,-10730,-14350,-5550,-12930,2360,-4220,-3780,-9450,-4850,-1580,-2880,-5620,-11060,-8140
2025-05-03,-19800,-36380,-49170,-5660,2810,-13600,17490,4620,-5440,-12200,-15810,-3280,8920,22420,5270,-13520,-14590,-2830,-8270,-8820,-15820,4420,710,-3670,-2620,-4380,-4470,-5030,-7080,3440,-18240,-7840,1850,-2640,-6450,12580,-11620,-4500,8800,-1430,1300,-5710,-4690,-12970,-3420,4670,-3850,-9780,-3910,-6020,-9040,-3900,-12260,1210,-4690,-10940,-14950,-5850,-12180,3270,-4820,-3780,-10050,-5050,-1880,-3680,-6520,-11960,-8240
2025-05-04,-20630,-39980,-50250,-5660,2210,-12680,16690,4240,-5640,-13100,-5900,-3680,8120,22650,4570,-12560,-14990,-3030,-8220,-9420,-16120,4220,3010,-2760,-2870,-2000,-4470,-5170,-6710,2940,-19040,-8440,950,-3340,-5730,12380,-12020,-5100,8200,-1070,2180,-6110,-5260,-12890,-4020,4070,-4150,-10480,-4110,-6520,-8660,-4300,-12660,1440,-4990,-11640,-15550,-4160,-12680,2670,-5620,-3780,-10650,-5450,-2480,-4380,-7220,-12660,-8440
2025-05-10,-22400,-43580,-53850,-5240,1710,-13380,16290,3640,-5740,-13470,-6400,-4080,7720,22150,3670,-12860,-15580,-3330,-8720,-9920,-16420,3720,2820,-3260,-3470,-2420,-4100,-4550,-7190,3370,-17860,-8740,700,-3540,-5390,13360,-12320,-5600,7690,-1360,1920,-6410,-5410,-13090,230,3670,-4450,-11280,-2650,-7020,-9060,-4600,-8680,840,-5490,-12240,-16050,-1370,-13280,2470,-5530,-3780,-10950,-5850,-2780,-5080,-7830,-13260,-8540
2025-05-11,-24480,-47180,-57450,-5920,2470,-13080,15690,3030,-4600,-14070,-6900,-4280,7320,21550,2970,-12860,-13260,-3630,-9620,-10410,-17220,3420,2120,-1920,-4470,-2630,-3820,-5550,-6780,2670,-18360,-8840,2510,-3940,-5890,13240,-12820,-6100,7190,-1610,1120,-6410,-5710,-13490,-170,8190,-4750,-12380,940,-7420,-9460,-4900,-9080,440,-5990,-12740,-15540,-2270,-13150,3820,-6330,-3780,-11450,-6050,-3380,-5700,-8470,-14060,-8640
2025-05-17,-24680,-50780,-59380,-6290,2910,-13680,15590,2850,-5200,-14670,-7800,-4470,10920,23310,2230,-13760,-13760,-1550,-10120,-10790,-17820,3120,1820,-2620,-4870,-2280,-4180,-3180,-6990,1970,-19360,-8840,2590,-4540,-6090,12840,-13020,-6400,6630,-2510,820,-6510,-6210,-13690,1200,7440,-4770,-13180,440,-8120,-9860,-5300,-8830,40,-6190,-13340,-15640,-3070,-13450,3520,-6630,-3780,-11850,-6150,-3780,-6500,-8820,-15060,-6050
2025-05-18,-25300,-54380,-62980,-5810,2860,-14080,15290,3170,-4860,-15040,-8000,-4180,12160,22810,1030,-12980,-14560,-1750,-9820,-11390,-18420,2620,1720,-3420,-5360,-1730,-4480,-4080,-5980,7450,-20060,-8840,2090,-4740,-6390,12240,-4440,-6600,6130,-3210,2440,-6910,-6610,-14190,1100,6740,-5270,-14180,440,-8720,-9960,-5600,-9030,-260,-6690,-12240,-16040,-3670,-13850,3090,-6870,-3780,-12050,-6650,-4580,-6640,-9720,-14650,-6450
2025-05-24,-26310,-57980,-60110,-6030,2260,-14880,14790,2460,-5160,-15740,-8800,-4650,11160,22310,330,-13480,-15060,-2150,-10260,-11760,-13040,2420,1640,-4120,-5860,-2170,-4750,-5080,-6770,7880,-20860,-8840,2400,-3640,-6860,11940,-4940,-6900,5530,-4210,2240,-6780,-6680,-14790,900,6040,-5170,-15180,40,-9220,-10160,-5800,-9630,-860,-6990,-13040,-16740,-3200,-14350,2890,-6870,-3780,-11530,-7050,-4780,-7640,-10100,-15550,-6550
2025-05-25,-27230,-61580,-61290,-6230,2620,-15480,14090,1460,5230,-16220,-9200,-5050,10660,21710,-530,-14080,-16060,-2350,-10380,-11960,-13840,2020,940,-4720,-6040,-840,-4890,-5680,-7470,7650,-21460,-8840,1800,-4140,-7160,11560,-5440,-7400,5130,-4710,2310,-6980,-7380,-14750,2090,5540,-1360,-15730,-660,-9720,-10660,-6200,-9930,-1260,-7490,-9030,-17440,-3830,-14950,2690,-6870,-3780,-11730,-7550,-5480,-8640,-10270,-16450,-6550
2025-05-31,-29000,-63880,-63590,-6430,1920,-15680,13990,860,5030,-15700,-9800,-4290,10450,21510,-1430,-14580,-16560,10910,-9630,-12660,-14240,1820,1450,-4920,-6240,5130,-5120,-6380,-7910,7550,-22060,-8840,1300,-4440,-7160,11260,-5640,-7800,6090,-5210,1810,-7280,-7680,-15250,3540,5560,-1660,-16330,-960,-9920,-10270,-6300,-10030,-1360,-7590,-9230,-17640,-4230,-15550,2590,-7070,-3780,-11930,-7750,-5680,-3200,-10970,-17050,-6550
2025-06-01,-27810,-66280,-63390,-6400,1720,-15980,13590,60,4630,-16300,-10300,-4580,10290,21310,-2180,-13930,-16620,10510,-9850,-12890,-14340,1720,1050,-5720,-6480,4630,-5040,-7280,-8510,7250,-22260,-8840,800,-4640,-7460,11110,-5740,-8000,5390,-5910,1710,-7480,-7750,-15350,3240,5130,-1860,-16930,-1460,-10120,-10370,-6300,-10430,-1460,-7790,-9230,-18340,-4630,-16250,3630,-7370,-3780,-12430,-7950,-5880,-3700,-11670,-17290,-6650
2025-06-07,-28660,-68680,-63710,-6630,1520,-16180,13290,-940,4530,-16550,-10900,-4870,9690,21640,-2260,-14630,-17120,10310,-10550,-12730,-11130,1520,850,-6120,-6780,4220,-5100,-7780,-8510,6750,-22460,-8840,110,-4940,-7760,10910,-5840,-8000,5190,-6140,1010,-7580,-8150,-15450,3140,4630,-1960,-17530,-1860,-10320,-10670,-6400,-10530,-1460,-7990,-9630,-19040,-4930,-16350,4440,-7370,-3780,-12630,-8250,-6080,-4250,-11610,-15680,-5880
2025-06-08,-29830,-71080,-65210,-6640,1320,-16580,13190,-2040,4430,-17550,-11400,-5170,9390,21540,-2360,-14730,-17920,9710,-10970,-13330,-11430,1220,750,-6720,-7080,4220,-4700,-7670,-8910,7510,-23460,-8840,-390,-5140,-7860,10410,-6340,-8100,4490,-6400,1010,-8080,-8550,-15750,3040,4740,-2160,-15550,-2460,-9200,-10870,-6500,-10630,-1560,-8090,-9830,-19640,-5330,-16950,4040,-7670,-3780,-12470,-8350,-6580,-4850,-12190,-16130,-5980
2025-06-14,-30220,-74680,-65270,-6940,620,-17080,12790,-2180,4030,-18010,-12000,-5770,8690,20940,-3460,-14660,-16630,9510,-11340,-13660,-11110,620,150,-7520,-7480,4540,-5200,-8570,-9090,7010,-23860,-8840,-710,-5440,-8160,10010,-6440,-8100,5290,-6720,310,-8580,-8910,-16650,2690,3740,-2650,-16450,-3260,-9700,-5900,-6700,-11030,-1860,-8290,-10430,-19540,-1360,-15950,4010,-8170,-3780,-12970,-8450,-6980,-5450,-11320,-15430,-6580
2025-06-15,-30740,-57560,-66860,-6700,1660,-17680,12490,-2990,3730,-18050,-12200,-6660,8300,20440,-4010,-15460,-17230,9010,-12440,-13320,-2320,420,200,-5910,-8240,3640,-5700,-9190,-9690,6010,-24330,-8840,-660,-5840,-8040,9510,-6740,-8300,4690,-7120,2140,-8980,-7770,-16950,2690,3130,-3350,-17050,-3760,-10200,-6300,-7100,-11430,-2360,-8330,-11430,-20640,18560,-16450,3610,-8670,-3780,-13270,-8850,-7180,-6450,-12320,-16230,-7180
2025-06-21,-32100,-61160,-67200,-6410,1060,-17380,11890,-3720,3530,-18950,-13100,-7360,7900,19940,-4910,-16060,-17430,8710,-11050,-13590,-3020,20,-260,-2200,-8540,3180,-6300,-6280,-9800,5410,-24930,-8940,-1160,-6140,-8140,8710,-7040,-8500,4460,-6210,1640,-9280,-6570,-17550,2690,2230,-2830,-16250,-4160,-10700,-6900,-7400,-12130,-2360,-8930,-12030,-21440,18160,-16650,3400,-8870,-3780,-13570,-9150,-7880,-7450,-13220,-16800,-7100
2025-06-22,-34190,-64760,-70800,-7110,360,-16840,13770,-4720,3130,-20150,-13900,-8060,7620,19140,-4570,-16660,-18130,8510,-11650,-13540,-2970,-580,-1060,-590,-8840,4940,-6750,-5450,-10800,10570,-25630,-9340,-440,-7040,-8140,7910,-7340,-8600,3460,-6330,4300,-9510,-5810,-17950,2690,1330,-2220,-16950,-4960,-11200,-7400,-7800,-12430,-2660,-8860,-12730,-21540,17660,-17250,3100,-9170,-3780,-13970,-9250,-8480,-7950,-13800,-8610,-7600
2025-06-28,-35110,-68360,-74400,-7710,220,-16880,13370,-5720,2730,-20950,-14300,-8360,7120,18340,-4970,-16760,-18330,8310,-10240,-12430,-3770,-880,-380,1530,-9050,4940,-6680,-5950,-11420,10070,-25430,-9440,-940,-7540,-7540,7610,-7640,-8800,3360,-6900,4930,-9690,-5880,-18250,2690,510,-2620,-17390,-3120,-11500,-6770,-8400,-12930,-3060,-9460,-13030,-22240,17150,-17750,5480,-9370,-3780,-14470,-9550,-8780,-7950,-12920,-9510,-8100
2025-06-29,-35600,-69560,-75600,-7710,20,-16880,13370,-6490,2730,-20350,-14300,-8070,7120,17640,-4970,-16760,-18330,7810,-10240,-12430,-3770,-880,4560,1530,-9650,4940,-6680,-5950,-11420,9470,-22910,-9440,-940,-7540,-7740,7610,-7640,-8900,2790,-7500,4930,-9690,-5860,-18250,2690,510,-3220,-17390,-3120,-11500,-6770,-8400,-12930,-3060,-9460,-13030,-22240,17150,-18150,5320,-9370,-3780,-14470,-9550,-8780,-7950,-12920,-10510,-8500
2025-07-05,-36520,-63210,-78050,-7710,-680,-17480,12970,-7490,2330,-21070,-14600,-8440,6620,16840,-6070,-17260,-18930,7210,-10470,-12090,-4470,8770,4100,830,-9950,4940,-7170,-6650,-11710,12070,-23510,-9840,-1270,-8140,-8040,7010,-8040,-9200,2380,-7380,4630,-8760,-5950,-19050,2780,120,-3270,-15240,-3120,-11700,-5820,-8800,-11210,-3460,-9440,-13330,-20210,16350,-16630,10620,-9670,-3780,-14770,-9950,-8880,-7950,-13820,-11140,-9100
2025-07-06,-37580,-66810,-81650,-7710,-940,-17880,12770,-8330,2330,-21100,-15000,-8840,5820,17330,-6770,-17560,-19330,6610,-10700,-12940,-4980,8370,3400,30,-10050,4940,-7100,-7650,-12510,11920,-24510,-8880,-2370,-8440,-8340,6510,-4030,-9800,1780,-7130,3930,-8960,-6650,-19190,2710,220,-3370,-15640,-3120,-12000,-5120,-9400,-11910,-3960,-9470,-13930,-20540,15450,-16730,10620,-9130,-3780,-15270,-10250,-9280,-7950,-13070,-11840,-9800
2025-07-12,-38280,-70410,-83180,-7710,-1440,-17050,12270,-9230,2110,-20860,-14600,-5020,5220,16980,-6950,-17580,-20130,6110,-11600,-13030,-5780,11390,2900,-770,-10350,4940,-7600,-7240,-13100,11120,-25210,-9480,-2020,-9040,-8640,6210,-4230,-10500,1700,-6180,3130,-9360,-7340,-19890,2610,1090,-3570,-16540,-3520,-12500,-5420,-9900,-12240,-1910,-9960,-11720,-21340,14850,-17430,10220,-9330,-3780,-15470,-10750,-9780,-7950,-13970,-12150,-10100
2025-07-13,-39880,-74010,-81070,-7710,-580,-17550,11870,-9860,1510,-19730,-15100,-5820,4420,16480,-7250,-17780,-20630,5510,-8180,-13630,-6480,10990,3870,-1370,-10650,4940,-7150,-8140,-12840,10620,-17720,-10180,-610,-9840,-9240,5610,-4410,-10800,1160,-6490,2630,-9860,-7840,-20390,2310,770,-3080,-17240,-3920,-9760,-5820,-9980,-12740,-2510,-10560,-12390,-22240,14050,-17830,9920,-9930,-3780,-15770,-11150,-10080,-7950,-9560,-12850,-10700
2025-07-19,-41330,-77610,-84670,-7710,-520,-17750,11270,-8670,1110,-20550,-15700,-6220,3820,15780,-8150,-17400,-16210,5010,-8980,-14230,-5850,10490,4920,-1670,-11050,4940,-7200,-9240,-13080,10690,-17960,-10880,-840,-10340,-9740,5110,-5010,-11200,1490,-6990,1930,-10060,-8430,-20330,2010,450,-3480,-17740,-3900,-9250,-6220,-10380,-13040,-2810,-11160,-5850,-22840,13150,-18130,9520,-10430,-3780,-16370,-11350,-10380,-7950,-7650,-13650,-11100
2025-07-20,-42630,-81210,-86360,-7710,-740,-18150,11070,-9770,710,-20600,-16400,-6350,3420,15580,-9150,-17500,-16810,4510,-9360,-14490,-5430,10090,4120,-2470,-10890,4940,-7230,-9660,-13300,10090,-18550,-10880,-1260,-10740,-10540,6040,-5410,-11100,1040,-6830,1230,-10460,-8830,-20930,1510,-60,-3780,-18040,-4200,-9750,-4900,-10680,-12720,-3110,-11860,-6050,-23060,12350,-17730,9020,-10730,-3780,-16770,-11060,-10580,-7950,-8350,-14650,-11800
2025-07-26,-42750,-84810,-89960,-7700,-1230,-18550,10770,-8300,310,-21160,-17000,-6370,3020,15180,-9710,-13080,-17210,3810,-10160,-14370,-6330,9890,3420,-3070,-11390,4940,-7300,-10560,-14060,9190,-19250,-11380,-1680,-11240,-11040,6150,-5710,-11400,1040,-7330,1620,-10660,-9330,-18360,1930,-60,-3980,-18740,-4500,-10150,-5300,-11080,-6270,-3410,-12260,1450,-23760,11450,-18130,8910,-11030,-3780,-17070,-11560,-10780,-7950,-7720,-15550,-12500
2025-07-27,-43020,-88410,-93560,-7690,-1730,-18950,10370,-8470,2870,-21860,-17700,-6630,2520,14880,-10070,-13680,-17610,3410,-10360,-14490,-6930,9690,5050,-3770,-11890,4940,-7800,-10490,-14760,8590,-19190,-11780,-2380,-11120,-10190,6270,-5910,-11700,1040,-7350,1320,-11060,-9080,-18560,1730,-60,-4180,-18280,-4900,-10750,-5600,-10790,-6870,-3910,-12960,850,-23650,10850,-18330,8510,-11430,-3780,-17470,-11860,-11180,-7950,-8220,-15780,-12900
2025-08-02,-44510,-92010,-97160,-8030,-920,-18020,10270,-8730,2570,-22660,-18100,-6730,1720,14080,-11070,-14180,-18110,3110,-11160,-13890,-7630,9390,5130,-4370,-12090,4940,-7790,-11290,-14900,7890,-19690,-4670,-2980,-11920,-10790,5670,-6410,-12200,1040,-3690,920,-11260,-9630,-18960,1570,-360,-3910,-17260,-5400,-11050,-6100,-10990,-7270,-4110,-13660,150,-24250,10350,-18270,8710,-12130,-3780,-17970,-12260,-11480,-7950,-6310,-16300,-13200
2025-08-03,-44280,-95610,-100760,-7740,-1720,-18420,10270,-9080,1970,-23340,-17640,-7230,1420,13380,-12070,-14480,-18710,4020,-11010,-13550,-8130,9870,4430,-5070,-12990,4940,-7700,-12290,-15180,7490,-19990,-5070,-2710,-12020,-11290,4770,-6810,-12300,1040,-4000,520,-11760,-9720,-19560,1370,-780,-4010,-17960,-5800,-11450,-6200,-11490,-7450,-4410,-14460,-150,-24210,9550,-18870,8410,-12630,-3780,-18470,-12480,-11980,-7950,-6910,-15540,-13500
2025-08-09,-44560,-99210,-102110,-7420,-1910,-19220,9770,-10080,2080,-23350,-18240,-7270,720,12780,-12680,-14880,-18710,3720,-11700,-13550,-8930,9570,4110,-5870,-13490,4940,-7780,-12390,-14310,6590,-19170,-5670,-3410,-12420,-11890,5280,-7510,-12500,740,-4700,490,-11960,-10040,-19630,1070,-1680,-3400,-16480,-5650,-11850,-6600,-11790,-7950,660,-14860,-850,-23940,8550,-19170,7850,-13130,-3780,-18770,-13080,-12580,-7950,-7610,-16340,-13900
2025-08-10,-44480,-102810,-99630,-7410,-2510,-19420,10260,-11180,1380,-22960,-18940,-7580,-280,12280,-13680,-15380,-18710,3320,-12700,-13550,-9180,9370,3310,-6770,-13890,4940,-8080,-12390,-15310,6510,-19670,-5870,-3020,-13220,-9480,4680,-6800,-12900,640,-4100,-110,-12360,-9870,-19400,710,-1550,-4000,-15610,-5850,-11520,-6520,-12290,-8550,160,-15660,-940,-24640,7650,-19870,7190,-13430,-3780,-19270,-13480,-11420,-7950,-8310,-16770,-14500
2025-08-16,-45040,-106410,-96780,-7410,-2850,-19310,9760,-11850,1620,-22030,-19240,-8080,-880,11880,-13520,-15880,-18710,3120,-11460,-14350,-9780,9370,4560,-7770,-10810,4940,-8070,-12390,-15620,6110,-20270,-6370,-3720,-13620,-9980,3780,-7300,-13500,660,-4640,880,-12420,-10370,-19450,970,-1920,-4300,-16410,-6450,-11820,-7020,-12690,-8450,-40,-16020,-1640,-25240,6650,-20670,7190,-13930,-3780,-19470,-13780,-11820,-7950,-8590,-17270,-15000
2025-08-17,-45290,-110010,-97840,-7410,-3040,-19710,9260,-11540,1020,-22230,-19740,-8400,-1480,11590,-13940,-16110,-18710,2820,-12160,-14630,-10580,9370,4060,-8470,-11010,4940,-8460,-12390,-15680,6880,-20970,-6870,-3960,-14220,-10380,6840,-7500,-13800,1370,-4470,280,-12720,-10950,-19650,570,-1720,-4600,-17310,-6950,-12320,-7320,-11260,-8750,-240,-16420,-1890,-25640,6270,-16510,6690,-14630,-3780,-19770,-13980,-10250,-7950,-9690,-18070,-15000
2025-08-23,-47080,-113610,-101440,-7990,-2880,-19870,8960,-11200,2350,-22240,-20070,-9000,-1980,11090,-14450,-16110,-18710,2420,-13160,-14350,-11080,9070,3760,-9170,-11510,10600,-9360,-12390,-16180,6280,-21370,-7470,-740,-14320,-10680,7780,-7800,-14200,1800,-5070,130,-12820,-11350,-20050,660,-2220,-4900,-17740,-6870,-9500,-7820,-11860,-9350,-440,-16820,-2320,-26310,6220,-17010,6690,-14830,-3780,-20170,-14480,-10350,-7950,-7020,-18070,-15200
2025-08-24,-47710,-117210,-101410,-8590,-2980,-20270,8560,-11960,2710,-20470,-20270,-9170,1200,10690,-14810,-16710,-18710,2730,-13760,-13310,-11050,8870,3360,-10170,-11810,10100,-9600,-12390,-16680,5880,-21790,-6630,-890,-13890,-11180,7680,-8300,-14400,1400,-5780,-170,-13220,-12050,-20850,460,-2890,-5100,-18240,-7270,-9530,-8320,-12460,-9650,-940,-17320,-1290,-26520,5420,-17910,6690,-14450,-3780,-19130,-14880,-10850,-7950,-7320,-18070,-15600
2025-08-30,-48790,-120810,-102140,-9090,-3380,-20670,8360,-12930,2310,-19770,-20870,-9830,600,10090,-15280,-17010,-18710,13060,-13860,-13470,-11330,9910,3200,-10870,-12510,9640,-10240,-12390,-16860,4980,-21730,-7030,-1450,-14190,-11680,6880,-8700,-14800,1250,-6000,-770,-13720,-12450,-21350,-140,-2310,-5800,-17620,-7670,-10130,-8620,-12460,-10250,-1140,-17820,380,-27120,5200,-16860,6690,-13650,-3780,-19530,-15480,-11250,-7950,-7110,-18070,-16000
2025-08-31,-49820,-124410,-105740,-9320,-3680,-20870,8260,-14130,2110,-20170,-21370,-8560,100,10480,-16080,-17410,-18710,12260,-14120,-13530,-11510,9410,2300,-11370,-13110,9190,-10270,-12390,-17370,4870,-22330,-6720,-1660,-14890,-12180,6280,-9200,-15500,1490,-5410,-1270,-14220,-13150,-21850,-840,-2220,-5830,-18220,-7870,-10630,-8820,-12460,-10750,1830,-18050,-120,-26680,4400,-17460,6690,-14050,-3780,-20030,-15880,-11550,-7950,-7810,-18070,-16600
2025-09-06,-50270,-128010,-106590,-9820,-4000,-21270,7960,-15330,1910,-20990,-21770,-9100,-300,10120,-16560,-17510,-18710,12630,-15020,-13890,-12110,8910,3640,-12170,-13610,8550,-10790,-12390,-16950,4070,-13980,-7220,-1610,-15290,-12580,6180,-9400,-15900,3530,-6310,-1770,-14520,-13030,-22450,-1000,-2620,-6250,-19120,-8570,-11130,-9020,-12040,-9560,1630,-18550,-520,-26200,3800,-18060,6690,-15050,-3780,-20530,-16480,-11950,-7950,-7530,-18870,-16700
2025-09-07,-52030,-131610,-110190,-10520,-4000,-21370,7560,-15680,1710,-21030,-21970,-9240,-800,9800,-16880,-18010,-18710,11930,-14480,-13950,-12810,8810,3000,-12670,-13260,7800,-9120,-12390,-16590,5430,-14780,-7320,-1610,-15390,-11710,7740,-9600,-16600,3130,-6910,-2370,-14820,-13030,-22650,-1300,-3120,-6370,-19920,-8770,-11830,-9020,-12440,-9960,1330,-18380,-720,-26930,3000,-18560,6690,-12960,-3780,-20340,-16680,-12350,-7950,-8630,-17970,-17300
2025-09-13,-53160,-134010,-112590,-10920,-4400,-21870,7360,-15850,1410,-21390,-22370,-9240,-1300,9500,-17400,-18410,-18810,11530,-14780,-13950,-12810,8410,2680,-12970,-13460,7300,-9140,-12390,-16600,5130,-15280,-7290,-2030,-15590,-11710,7240,-10000,-16600,2830,-6680,-2670,-14920,-13050,-22750,-1500,-3820,-6470,-20220,-9170,-11930,-9320,-12640,-10460,1230,-18780,290,-27030,2500,-18330,6390,-13160,-3200,-20340,-16780,-12550,-7950,-9430,-17820,-17400
2025-09-14,-53290,-136410,-114990,-11520,-670,-21970,6760,-16050,1310,-21860,-21680,-9240,-1900,9300,-18000,-18910,-18930,11430,-14900,-13950,-12810,8310,2180,-13370,-13660,6640,-8720,-12390,-17020,4930,-15780,-7690,-2830,-15990,-11710,6840,-10500,-16900,2630,-6670,-3170,-15220,-13550,-23250,-1700,-2800,-6670,-20620,-5930,-12430,-9420,-12580,-10860,1030,-18420,1240,-27540,2000,-18630,6390,-13360,-3600,-20440,-16880,-12750,-7950,-9160,-18420,-17700
2025-09-15,-54060,-138810,-117390,-11940,-820,-22270,6560,-16750,1110,-21780,-21580,-9240,-2600,9200,-18700,-19110,-19130,10930,-15400,-13950,-12810,8270,1680,-13470,-13670,6430,-9250,-12390,-17260,4730,-16280,-7890,-3630,-16190,-12010,6340,-10560,-17200,2660,-7170,-3670,-15620,-13790,-22500,-1800,-3100,-6970,-20920,-6330,-12630,-8180,-12780,-11260,930,-18420,840,-28140,1400,-15600,6190,-13660,-3480,-20640,-17280,-11840,-7950,-9760,-19220,-17900
2025-09-20,-54200,-141210,-116730,-11890,-930,-22670,6160,-14680,910,-22680,-22080,-9420,-610,9000,-18930,-19510,-19830,10530,-15400,-14100,-13110,8040,1180,-13770,-14070,5730,-9540,-12390,-17750,4730,-17080,-8290,-4030,-16290,-12210,6110,-10760,-17200,2460,-6670,-3970,-15100,-14190,-22700,-2200,-3300,-7070,-20490,-6430,-13030,-8280,-13280,-11460,630,-18420,580,-28740,1400,-16000,6190,-13760,-3610,-14290,-17580,-12040,-7950,-9760,-19820,-18400
2025-09-21,-54860,-143610,-116420,-12280,-1230,-22770,5760,-15480,510,-23380,-22380,-9620,-1010,8800,-19250,-19710,-20330,10330,-15400,-14650,-13510,7840,1570,-14110,-14170,6460,-9750,-12390,-17820,4730,-17780,-8690,-4530,-16390,-12410,9480,-10960,-17400,2380,-7470,-1650,-15200,-14990,-22900,-2400,-3900,-5390,-20890,-6430,-13230,-8580,-13580,-11960,430,-18420,380,-29070,1150,-14410,5890,-13860,-3040,-14290,-17880,-12440,-7950,-9760,-20320,-18600
2025-09-27,-55770,-146010,-116450,-11890,-1730,-22770,5460,-14920,-90,-20890,-22570,-9620,-1220,8700,-20050,-19710,-20830,10030,-16000,-14870,-13910,7840,1170,-14210,-12220,6010,-10150,-12390,-18320,4730,-18180,-8990,-4950,-16990,-12410,8980,-11060,-17700,2250,-7010,-1750,-15300,-15560,-23200,-2600,-4900,-5490,-21690,-6630,-13530,-8980,-14080,-12360,130,-18420,-420,-29870,850,-15010,5690,-13150,-3020,-14390,-18180,-12740,-8450,-9690,-20720,-18700
2025-09-28,-55020,-148410,-116350,-11840,2870,-22770,5260,-14920,-200,-21790,-23170,-9620,-1420,8660,-20940,-18990,-21430,9530,-16300,-15270,-14310,7840,1170,-14910,-12320,5210,-10250,-12390,-18410,4430,-18680,-9290,-5650,-16350,-12510,8880,-11260,-17800,1750,-7410,-2050,-15700,-15960,-23400,-2500,-5100,-5990,-22590,-6930,-13730,-9080,-14580,-12860,-370,-18420,-820,-29290,150,-15610,5390,-13350,-3790,-14390,-18380,-13040,-8750,-9470,-20810,-18900
2025-10-04,-56920,-150810,-118750,-11840,2170,-23070,5060,-15090,-500,-21320,-23370,-9620,-1620,8360,-20510,-19090,-21930,9770,-17200,-15210,-14810,7840,770,-15810,-11780,5030,-10340,-12390,-19010,3930,-19280,-9690,-5320,-16850,-12810,11240,-11360,-17900,950,-6530,-2350,-15900,-14680,-23400,-3300,-5700,-5490,-23290,-7330,-14030,-9380,-14580,-13160,-670,-18420,6450,-29620,-50,-16310,5290,-13550,-2610,-14790,-18480,-13340,-9050,-9800,-21310,-19000
2025-10-05,-57900,-153210,-121150,-11840,1870,-23570,11310,-15790,-700,-21400,-23670,-9620,23620,8060,-21610,-19190,-22530,9370,-17910,-16010,-15410,7840,270,-16010,-12280,4530,-10740,-12390,-19450,3330,-19780,-10190,-5260,-16850,-9470,10440,-11760,-18200,1050,-6260,-2550,-16200,-15280,-22440,-3700,-5650,-4250,-23450,-7530,-14330,-9780,-14980,-13360,-1070,-18420,5950,-28740,-650,-16610,4990,-13650,-3010,-14990,-18880,-13320,-9350,-10700,-22110,-19100
2025-10-11,-58240,-155610,-123550,-12060,1370,-23770,11110,-15010,-800,-21250,-24270,-9820,23120,7860,-22410,-19190,-23130,8970,-18610,-16350,-15810,7840,-230,-16010,-12680,6230,-10870,-12390,-20150,3230,-20180,-10300,-4840,-17150,-9470,10250,-12060,-18300,1610,-6510,-3050,-16300,-15980,-22640,-2730,-5400,-4450,-23950,-7630,-14630,-9980,-15080,-13560,-1270,-18520,5350,-22550,-1250,-17010,4790,-13950,-3510,-15090,-19280,-13620,-9750,-11300,-22510,-19200
2025-10-12,-59570,-158010,-119870,-12230,2020,-24070,10910,-15610,-900,-21270,-20400,-10120,22620,7890,-22730,-19490,-23630,8670,-18890,-16220,-16210,7840,-430,-16210,-13080,6530,-10880,-12390,-20750,2930,-20980,-10500,-4990,-17350,-7280,9750,-12260,-18400,1210,-7110,-3650,-16500,-16480,-22740,-3230,-5900,-4550,-22260,-7930,-14560,-10280,-15280,-13860,-1370,-18520,4650,-22740,-1750,-16500,5990,-14450,-3790,-15290,-19480,-13820,-10350,-12200,-23310,-19200
2025-10-13,-60840,-160410,-112250,-12330,1420,-24370,10910,-15250,-1200,-21770,-20900,-9730,22120,7490,-23630,-19990,-24130,8370,-19190,-17020,-16810,7440,-430,-16710,-12350,5430,-10880,-12390,-21020,2530,-20410,-10700,-5050,-17550,-7280,10460,-12660,-18700,960,-7410,-4050,-16500,-16480,-23140,-3430,-3440,-4550,-22860,-8130,-14350,-10780,-15580,-14360,-1470,-18720,4050,-22490,-2350,-16800,5990,-14230,-4110,-15490,-19780,-14020,-10750,-8550,-23810,-19300
2025-10-18,-61120,-164010,-112550,-12980,1150,-23960,10310,-16000,-1900,-22170,-21200,-10130,21620,6890,-24530,-20190,-24730,7970,-19390,-17180,-17210,7240,-430,-17110,-12910,5790,-9400,-12390,-21700,1930,-21110,-11200,-5570,-17950,-7680,9660,-13160,-18900,560,-6580,-4150,-16800,-16420,-23940,-3530,-3770,-4550,-22720,-8730,-14850,-11480,-15980,-14760,-1670,-18760,3350,-23190,-500,-17500,5690,-14630,-5010,-14500,-20180,-14320,-11350,-7400,-24610,-19500
2025-10-19,-62530,-167610,-111500,-12660,470,-24360,9710,-16700,760,-22670,-16350,-9660,20820,6920,-25230,-21090,-24930,7370,-19790,-17780,-15120,6640,-430,-17810,-13510,7250,-10000,-12390,-22540,1130,-21910,-11100,-6070,-18550,-7880,9260,-13660,-18480,-140,-7180,-5050,-17140,-17020,-24640,-3930,-2690,-4550,-6280,-9030,-14940,-11980,-16580,-15360,-1870,-19260,2550,-23840,2660,-17900,5390,-14830,-3820,-14500,-20680,-3070,-9610,-8300,-24650,-20100
2025-10-25,-63440,-171210,-109050,-12240,-30,-24810,9510,-15560,60,-23470,-17150,-8820,20120,6720,-26030,-21490,-25330,7270,-19710,-17800,-15550,6040,-430,-18510,-14010,6730,-10110,-12390,-23140,330,-19760,-11700,-6220,-18950,-8030,8660,-13960,-18480,-240,-7980,-5750,-17440,-15660,-24230,-4430,-3490,-5350,-7080,-9330,-15440,-12480,-17180,-15660,-2070,-19770,1750,-24000,1660,-18500,5090,-15430,-4620,-14800,-21280,-3370,-10310,-6290,-24890,-20400
2025-10-26,-63560,-165620,-106020,-12360,-190,-24690,8810,-16050,-40,-23970,-18150,-9520,19320,5920,-26730,-22290,-26130,6870,-20110,-17120,-13850,5740,-430,-18580,-13580,5830,-10510,-12390,-23640,-330,-19760,-12600,-6150,-19750,-7930,7860,-14760,-18810,-170,-8260,-6650,-17740,-15590,-24730,-4580,-4120,-6150,-7780,-9370,-13690,-12460,-17580,-16260,-2170,-20470,1550,-24720,860,-18900,4990,-15400,-5220,-6010,-22080,-3970,-11110,-6890,-25790,-20600
2025-11-01,-64030,-167920,-108320,-11840,-590,-24990,8610,-16550,-140,-23970,-18650,-9670,18820,5720,-25180,-22490,-26530,6670,-20090,-17120,-12810,5640,-430,-18680,-13780,6380,-10710,-12390,-24570,-530,-20060,-12700,-6150,-19850,-8030,7360,-15060,-19010,410,-9060,-6950,-17940,-15790,-24930,-4730,-4820,-6350,-8280,-9770,-14190,-12760,-17880,-16560,-2370,-20470,2790,-25420,60,-19200,4890,-15600,-4930,-6210,-22680,-4370,-11110,-7390,-26290,-20700
2025-11-02,-63390,-170220,-110620,-11800,-550,-25190,8510,-17250,-240,-23970,-19050,-9120,18520,5520,-24730,-22590,-26760,6470,-20260,-17120,-13210,5440,-430,-19480,-14080,5730,-10810,-12390,-25230,-730,-20360,-13000,-6150,-19850,-8130,6860,-15160,-19210,-90,-9660,-7350,-18040,-16190,-25230,-3750,-5120,-6950,-8980,-9870,-14390,-13160,-18080,-16960,-2470,-20470,2590,-25370,-440,-19270,4790,-16000,-5430,-6310,-22680,-4570,-11110,-7990,-26990,-20900
2025-11-08,-64160,-164360,-97430,-11810,-1050,-24820,8010,-18350,-350,-24970,-19850,-9520,17620,5120,-16580,-23090,-27060,6070,-20540,-17590,-13210,5140,-430,-20280,-12220,6520,-11210,-12890,-25520,-1630,-21360,-13400,-6500,-20350,-8430,6060,-15660,-19510,-790,-10560,-8050,-16530,-16690,-25730,-3850,-5820,-7050,-8890,-10370,-13480,-13760,-18580,-17560,-2770,-13640,2090,-25640,440,-19670,4690,-16300,990,-6400,-23080,-4870,-11110,-7900,-27690,-21500
2025-11-09,-65480,-167960,-101030,-11990,-1650,-25120,7810,-18990,-750,-25470,-20450,-10220,16620,4920,-17280,-23690,-27360,5870,-20280,-17890,-13210,4740,-430,-20880,-12620,6640,-10840,-13390,-25920,-2180,-22260,-10930,-7010,-21250,-6060,7350,-16360,-19810,-910,-9820,-8850,-17130,-17390,-26230,-4150,-6520,-7250,-6290,-8390,-13190,-14360,-19180,-12450,-2250,-14140,990,-26340,-360,-20070,4390,-16900,490,-6140,-23880,-5270,-11110,-8600,-28200,-21600
2025-11-15,-66240,-171560,-104630,-12590,-1900,-25420,7710,-20090,-1450,-26170,-21050,-10240,15820,4420,-18180,-22140,-27860,5370,-19440,-18330,-13210,5130,-430,-21380,-13120,6890,-11040,-14090,-26090,-1270,-22860,-11030,-7710,-21650,-6410,6450,-16860,-20310,-1610,-8690,-9550,-17430,-18070,-26730,-4750,-7300,-6930,-7090,-9290,-13480,-14760,-19580,-12850,-2650,-13120,1100,-27040,-380,-20670,4190,-17210,200,-6540,-24380,-5970,-11110,-9700,-28800,-22200
2025-11-16,-66960,-175160,-108230,-12540,-2500,-25920,7110,-21090,-1320,-27070,-21950,-10740,15420,3720,-19080,-22540,-27300,5070,-19590,-18730,-13210,4430,-430,-21380,-13520,6490,-11440,-14690,-26560,-1670,-23530,-11470,-8490,-22350,-6910,5750,-17560,-20510,-2210,-9230,-9950,-17830,-18770,-27130,-5150,-7700,-7130,-5350,-6280,-13880,-15260,-19980,-13150,-2950,-12270,3100,-27350,-1280,-21370,3990,-18010,-800,-6840,-24780,-1850,-11110,-10230,-29600,-22700
2025-11-22,-67510,-177560,-110630,-12870,-3000,-26220,7010,-22090,-1520,-24650,-21950,-11640,15220,3520,-20080,-22640,-27900,4870,-20490,-19630,-13210,4130,-430,-21580,-13720,6430,-11530,-14990,-26860,250,-23830,-11870,-9090,-22550,-7110,5650,-17660,-20710,-2210,-9730,-10250,-18030,-19370,-27430,-5350,-8010,-7230,-6250,-6880,-14180,-15260,-20280,-13550,-3150,-12470,3170,-27850,-1880,-21870,3790,-18210,-800,-6940,-24980,-1950,-11210,-10330,-23400,-22700
2025-11-23,-68040,-179960,-113030,-13570,-3800,-26620,8370,-22130,-1620,-25550,-22550,-12140,14420,3420,-19980,-23140,-28200,4470,-21390,-18740,-13210,4030,-430,-21580,-14220,6170,-11590,-14990,-27110,-150,-24530,-11970,-9790,-23050,-7110,5150,-17960,-21010,-3110,-10130,-10250,-18030,-19520,-27730,-5650,-8610,-7230,-6950,-7380,-14380,-15660,-20480,-13950,-3450,-12770,4260,-28150,-2580,-22170,3590,-18310,-1500,-6940,-25180,-1950,-10180,-11030,-23900,-22900
2025-11-24,-68830,-182360,-110740,-12870,-3340,-27120,8270,-23030,-1720,-26650,-21840,-12240,13720,3420,-15740,-23540,-28200,4370,-21590,-18840,-13210,5010,-430,-10910,-14320,5870,-11890,-14990,-27630,2200,-25230,-12270,-10290,-23350,-7510,4950,-18260,-21110,-3310,-11030,-10650,-18230,-20020,-28030,-6050,-9510,-7230,-7250,-6830,-14580,-16260,-20180,-14150,-3650,-13370,3870,-28750,-3080,-22370,3590,-18610,-1800,-6940,-25780,-2050,-10680,-11330,-24600,-23100
2025-11-29,-69430,-184760,-111360,-12850,-3840,-27220,8070,-24030,-1820,-27250,-21070,-8890,23110,3020,-16320,-24040,-28400,4270,-22190,-19340,-13210,5010,-430,-11210,-13210,4870,-12090,-14990,-28260,2210,-25830,-12370,-11090,-23550,-7710,4550,-18360,-21410,-4010,-11530,-10750,-18430,-20260,-28230,-6250,-10310,-7230,-7750,-7030,-14780,-13770,-20280,-14350,-3750,-13570,3370,-29250,-3580,-22770,3590,-18710,-2700,-6940,-25980,-2450,-10980,-11930,-25500,-23300
2025-11-30,-70950,-187160,-113760,-12860,-1540,-26990,7970,-25030,-1920,-28150,-20870,-9190,22510,2620,-15230,-24240,-29000,4270,-22840,-19940,-13210,4810,-430,-10270,-13610,4570,-12390,-14990,-28760,1910,-26030,-12470,-11090,-23650,-7910,3750,-18660,-21510,-4110,-11270,-11150,-18730,-20330,-28530,-6650,-10710,-7230,-8350,-7330,-14980,-14070,-20380,-14750,-4050,-13570,2970,-29850,-3880,-23190,3590,-18910,-3500,-6940,-26280,-2650,-11380,-9050,-25400,-23400
2025-12-06,-71270,-190760,-114910,-13160,-1740,-27890,7770,-25730,-2220,-28850,-21170,-9990,22510,1820,-15520,-24640,-29500,3770,-23440,-20640,-13210,4010,-730,-11170,-14310,5260,-12160,-14990,-28650,910,-26630,-12030,-11990,-24050,-7270,3550,-18960,-22010,-2620,-10900,-11350,-19230,-17290,-28730,-7050,-11310,-7230,-9250,-8230,-15180,-14670,-19460,-15370,-4450,-13970,2370,-30250,-4980,-23270,3410,-17430,-3870,-6940,-26680,-2850,-11980,-7380,-25700,-23900
2025-12-07,-72520,-194360,-118510,-12900,-2040,-28390,7170,-26190,-2620,-29850,-21570,-10100,24260,1420,-15830,-24840,-30400,3470,-23740,-20150,-13210,3410,-1030,-11670,-15210,4260,-12510,-14990,-29350,110,-27130,-12330,-12340,-24350,-8070,3370,-19360,-22510,-3060,-11530,-11850,-19430,-17240,-28930,-7650,-11710,-7230,-10350,-9030,-15480,-15170,-19170,-15870,-4650,-14470,2800,-30950,-5680,-24070,3110,-17830,-4970,-6940,-26980,-3450,-12480,-8180,-25900,-24300
2025-12-13,-72670,-176090,-117340,-12900,-2040,-28790,6870,-26790,-3020,-30450,-22070,-10030,23760,1220,-16430,-24940,-30800,3170,-23770,-20550,-13210,3110,-1530,-11970,-13990,4230,-12610,-14990,-29540,-290,-26090,-12530,-12160,-24450,-8370,3170,-19660,-22710,-3060,-11960,-12150,-19530,-17380,-29330,-7660,-12110,-7230,-10950,-9630,-15780,-13770,700,-16170,-4850,-14870,2300,-31350,-6380,-24570,2810,-17930,-5260,-6940,-27180,-3850,-11810,-8580,-26400,-24400
2025-12-14,-73790,-179790,-116480,-12900,-2040,-28130,6670,-27650,-3190,-27370,-22670,-10080,23360,920,-15640,-24870,-31500,2830,-23890,-21280,-13210,2310,-1930,-13070,-14290,4490,-13180,-14990,-29240,-620,-26790,-12630,-11870,-24950,-8890,2670,-20260,-23210,-3060,-12360,-12550,-19830,-17880,-29830,-7570,-12810,-7230,-11550,-9770,-16180,-14170,400,-16210,-5150,-12420,1700,-31960,-5640,-24970,2710,-18330,-6260,-6940,-27580,-4450,-12410,-6250,-26480,-24800
2025-12-20,-74080,-180490,-117180,-12900,-2140,-28230,6670,-27850,-3290,-27470,-22870,-10280,23260,820,-15840,-24870,-31600,2630,-23990,-21480,-13210,2310,-1520,-13370,-14390,4290,-13280,-14990,-29240,-720,-26890,-12730,-10690,-24950,-9190,2670,-20360,-23410,-3060,-12360,-12550,-19830,-17880,-29830,-7570,-12110,-7230,-11750,-9870,-16180,-14170,300,-16410,-5350,-12620,1600,-31730,-5840,-25270,2610,-18630,-6360,-6940,-27780,-4550,-12510,-6290,-26680,-24800
2025-12-21,-74080,-182690,-119380,-11760,-2140,-28730,6370,-27950,3600,-28070,-23170,-10680,22860,1050,-16140,-24970,-32000,2430,-22720,-21880,-13210,1910,-2120,-13870,-14790,3590,-13680,-14990,-29150,-890,-27290,-13030,-9400,-25250,-9690,2270,-20360,-23710,-2710,-12760,-12850,-20030,-18280,-30330,-7870,-12310,-7230,-12050,-10270,-16680,-14370,200,-16570,-5550,-12620,1510,-30950,-6440,-25470,2540,-19130,-6660,-6940,-28180,-4950,-12910,-6990,-26740,-25000
2025-12-27,-74360,-183790,-120480,-12060,-2340,-28830,6370,-28350,3500,-28470,-23170,-10780,22660,850,-16260,-25070,-27020,2230,-23320,-21880,-13310,1610,-2050,-14170,-14890,3390,-13680,-14990,-29250,-890,-27390,-13130,-9400,-25350,-9790,2070,-20460,-23910,-3110,-13060,-12950,-20130,-18480,-30430,-7870,-12610,-7230,-12350,-10570,-16680,-14470,100,-16870,-5850,-13020,2110,-31250,-6540,-25670,2440,-19230,-6660,-6940,-28380,-4950,-13110,-7490,-26960,-25100
2025-12-28,-74620,-186190,-121050,-12660,-2640,-28930,6170,-29250,3200,-29010,-23370,-11180,22160,550,-16910,-23220,-27280,2520,-23520,-22280,-13410,1410,-2250,-14870,-15450,3010,-13880,-14990,-29850,-1790,-18020,-13230,-10000,-25650,-9890,1470,-20560,-24010,-3610,-13860,-13250,-20430,-18580,-30530,-7970,-11840,-7230,-12950,-11070,-16350,-14670,-100,-17170,-6050,-13520,1510,-29200,-6840,-26370,2040,-19930,-6860,-6940,-28480,-5450,-13810,-7870,-27260,-24350
